Date,CPU Utilization,CPU Power
2026-01-06 17:38:21,0.00000000000000,0.00000000000000
2026-01-06 17:38:22,0.00000000000000,0.00000000000000
2026-01-06 17:38:23,0.00259067357513,0.02494564494935
2026-01-06 17:38:24,0.00257069408740,0.06340495316210
2026-01-06 17:38:25,0.00000000000000,0.00000000000000
2026-01-06 17:38:26,0.00255102040816,0.05486742670957
2026-01-06 17:38:27,0.00000000000000,0.00000000000000
2026-01-06 17:38:28,0.00000000000000,0.00000000000000
2026-01-06 17:38:29,0.00520833333333,0.08069740402433
2026-01-06 17:38:30,0.00000000000000,0.00000000000000
2026-01-06 17:38:31,0.00261096605744,0.04666947268498
2026-01-06 17:38:32,0.00000000000000,0.00000000000000
2026-01-06 17:38:33,0.00264550264550,0.02283085906078
2026-01-06 17:38:34,0.00000000000000,0.00000000000000
2026-01-06 17:38:35,0.00263852242744,0.02698747549939
2026-01-06 17:38:36,0.00000000000000,0.00000000000000
2026-01-06 17:38:37,0.00271739130435,0.02633291792731
2026-01-06 17:38:38,0.01902173913043,0.14872046706728
2026-01-06 17:38:39,0.00821917808219,0.06698698920365
2026-01-06 17:38:40,0.00000000000000,0.00000000000000
2026-01-06 17:38:41,0.04594594594595,0.42642948158623
2026-01-06 17:38:42,0.00000000000000,0.00000000000000
2026-01-06 17:38:43,0.00270270270270,0.02005417733549
2026-01-06 17:38:44,0.00549450549451,0.04201674757620
2026-01-06 17:38:45,0.00543478260870,0.04453689885105
2026-01-06 17:38:46,0.00273224043716,0.02494481115665
2026-01-06 17:38:47,0.00000000000000,0.00000000000000
2026-01-06 17:38:48,0.04087193460490,0.30226597994351
2026-01-06 17:38:49,0.01373626373626,0.10046556586024
2026-01-06 17:38:50,0.01347708894879,0.09757963289524
2026-01-06 17:38:51,0.02452316076294,0.18584076542070
2026-01-06 17:38:52,0.00000000000000,0.00000000000000
2026-01-06 17:38:53,0.00270270270270,0.01936407827691
2026-01-06 17:38:54,0.03523035230352,0.25058309865473
2026-01-06 17:38:55,0.02139037433155,0.15076494398269
2026-01-06 17:38:56,0.01101928374656,0.08019659679383
2026-01-06 17:38:57,0.02452316076294,0.18284966881439
2026-01-06 17:38:58,0.00273972602740,0.01998330951378
2026-01-06 17:38:59,0.00793650793651,0.05580606729170
2026-01-06 17:39:00,0.02981029810298,0.20863372123577
2026-01-06 17:39:01,0.01104972375691,0.07814976638128
2026-01-06 17:39:02,0.00000000000000,0.00000000000000
2026-01-06 17:39:03,0.01886792452830,0.13304029725730
2026-01-06 17:39:04,0.02925531914894,0.20275115782337
2026-01-06 17:39:05,0.00533333333333,0.03696685325790
2026-01-06 17:39:06,0.00000000000000,0.00000000000000
2026-01-06 17:39:07,0.00272479564033,0.01925778799796
2026-01-06 17:39:08,0.00000000000000,0.00000000000000
2026-01-06 17:39:09,0.00000000000000,0.00000000000000
2026-01-06 17:39:10,0.03269754768392,0.22982005364052
2026-01-06 17:39:11,0.00800000000000,0.05616849511553
2026-01-06 17:39:12,0.03523035230352,0.24706890178296
2026-01-06 17:39:13,0.01081081081081,0.07609886959051
2026-01-06 17:39:14,0.01340482573727,0.09271003440366
2026-01-06 17:39:15,0.04032258064516,0.27747288444202
2026-01-06 17:39:16,0.03513513513514,0.24821844330655
2026-01-06 17:39:17,0.01098901098901,0.07696110153680
2026-01-06 17:39:18,0.02412868632708,0.16912237732182
2026-01-06 17:39:19,0.00806451612903,0.05695759127299
2026-01-06 17:39:20,0.02673796791444,0.18700648383919
2026-01-06 17:39:21,0.02203856749311,0.15370480304502
2026-01-06 17:39:22,0.05722070844687,0.40836167436088
2026-01-06 17:39:23,0.01902173913043,0.13227521777455
2026-01-06 17:39:24,0.00544959128065,0.03844692849797
2026-01-06 17:39:25,0.00266666666667,0.01864831312749
2026-01-06 17:39:26,0.01923076923077,0.13750615872920
2026-01-06 17:39:27,0.00271002710027,0.01896670193052
2026-01-06 17:39:28,0.01344086021505,0.09297104928080
2026-01-06 17:39:29,0.01336898395722,0.09369314587702
2026-01-06 17:39:30,0.00265251989390,0.01833604549956
2026-01-06 17:39:31,0.00000000000000,0.00000000000000
2026-01-06 17:39:32,0.00271739130435,0.01923605323230
2026-01-06 17:39:33,0.04278074866310,0.29793254385038
2026-01-06 17:39:34,0.01052631578947,0.07273801340414
2026-01-06 17:39:35,0.00540540540541,0.03766395969423
2026-01-06 17:39:36,0.00269541778976,0.01893487428542
2026-01-06 17:39:37,0.01069518716578,0.07538247199135
2026-01-06 17:39:38,0.03200000000000,0.22070203792982
2026-01-06 17:39:39,0.02652519893899,0.18721354995102
2026-01-06 17:39:40,0.01891891891892,0.13292035155134
2026-01-06 17:39:41,0.00000000000000,0.00000000000000
2026-01-06 17:39:42,0.01347708894879,0.09552321111536
2026-01-06 17:39:43,0.00267379679144,0.01862078399065
2026-01-06 17:39:44,0.00000000000000,0.00000000000000
2026-01-06 17:39:45,0.00529100529101,0.03698603168556
2026-01-06 17:39:46,0.01621621621622,0.11550410291110
2026-01-06 17:39:47,0.01897018970190,0.13355215808087
2026-01-06 17:39:48,0.00536193029491,0.03742777466544
2026-01-06 17:39:49,0.01075268817204,0.07537765192468
2026-01-06 17:39:50,0.00281690140845,0.02208272269228
2026-01-06 17:39:51,0.00266666666667,0.01948913956070
2026-01-06 17:39:52,0.00000000000000,0.00000000000000
2026-01-06 17:39:53,0.00264550264550,0.01814163064881
2026-01-06 17:39:54,0.00000000000000,0.00000000000000
2026-01-06 17:39:55,0.00813008130081,0.05625770059049
2026-01-06 17:39:56,0.01326259946950,0.09344049720842
2026-01-06 17:39:57,0.03430079155673,0.23924139221502
2026-01-06 17:39:58,0.01871657754011,0.13062973858196
2026-01-06 17:39:59,0.00272479564033,0.01918811501873
2026-01-06 17:40:00,0.00269541778976,0.01869229792308
2026-01-06 17:40:01,0.01075268817204,0.07537765192468
2026-01-06 17:40:02,0.00808625336927,0.05680462285626
2026-01-06 17:40:03,0.01866666666667,0.13053819189242
2026-01-06 17:40:04,0.00271739130435,0.01880594328956
2026-01-06 17:40:05,0.00534759358289,0.03794899917330
2026-01-06 17:40:06,0.00530503978780,0.03730770135771
2026-01-06 17:40:07,0.01369863013699,0.09778982222854
2026-01-06 17:40:08,0.00549450549451,0.03870856561737
2026-01-06 17:40:09,0.00267379679144,0.01862078399065
2026-01-06 17:40:10,0.02162162162162,0.15098501842679
2026-01-06 17:40:11,0.01086956521739,0.07811669684703
2026-01-06 17:40:12,0.00000000000000,0.00000000000000
2026-01-06 17:40:13,0.01902173913043,0.13531506892950
2026-01-06 17:40:14,0.02652519893899,0.18336045499564
2026-01-06 17:40:15,0.01063829787234,0.07316984121930
2026-01-06 17:40:16,0.01856763925729,0.12981149414049
2026-01-06 17:40:17,0.01072386058981,0.07572951403190
2026-01-06 17:40:18,0.00000000000000,0.00000000000000
2026-01-06 17:40:19,0.00542005420054,0.03793340386105
2026-01-06 17:40:20,0.02997275204360,0.21290791490141
2026-01-06 17:40:21,0.01928374655647,0.13790508227848
2026-01-06 17:40:22,0.02168021680217,0.15444462531712
2026-01-06 17:40:23,0.00264550264550,0.01841418549333
2026-01-06 17:40:24,0.01617250673854,0.11315637270965
2026-01-06 17:40:25,0.04851752021563,0.34210362151877
2026-01-06 17:40:26,0.03783783783784,0.26866368774486
2026-01-06 17:40:27,0.01648351648352,0.11713840772498
2026-01-06 17:40:28,0.00800000000000,0.05570612763611
2026-01-06 17:40:29,0.00266666666667,0.01864831312749
2026-01-06 17:40:30,0.02387267904509,0.16502440949607
2026-01-06 17:40:31,0.03243243243243,0.22741647575964
2026-01-06 17:40:32,0.03260869565217,0.23122103658942
2026-01-06 17:40:33,0.00000000000000,0.00000000000000
2026-01-06 17:40:34,0.00267379679144,0.01862078399065
2026-01-06 17:40:35,0.00524934383202,0.03744428395405
2026-01-06 17:40:36,0.00294117647059,0.02217190260004
2026-01-06 17:40:37,0.00537634408602,0.03987398681965
2026-01-06 17:40:38,0.01069518716578,0.07414085335302
2026-01-06 17:40:39,0.00808625336927,0.05607689376925
2026-01-06 17:40:40,0.01861702127660,0.12990082431743
2026-01-06 17:40:41,0.01329787234043,0.09170326522753
2026-01-06 17:40:42,0.05675675675676,0.39876105465402
2026-01-06 17:40:43,0.01075268817204,0.07607480109087
2026-01-06 17:40:44,0.02439024390244,0.17170991753254
2026-01-06 17:40:45,0.01095890410959,0.07657805057714
2026-01-06 17:40:46,0.01084010840108,0.07961354961819
2026-01-06 17:40:47,0.00000000000000,0.00000000000000
2026-01-06 17:40:48,0.00266666666667,0.01900945089731
2026-01-06 17:40:49,0.00000000000000,0.00000000000000
2026-01-06 17:40:50,0.00266666666667,0.02047292768254
2026-01-06 17:40:51,0.00278551532033,0.02195317220369
2026-01-06 17:40:52,0.00000000000000,0.00000000000000
2026-01-06 17:40:53,0.00000000000000,0.00000000000000
2026-01-06 17:40:54,0.00277008310249,0.02045878918149
2026-01-06 17:40:55,0.00267379679144,0.01995570209357
2026-01-06 17:40:56,0.00274725274725,0.02318298102889
2026-01-06 17:40:57,0.00000000000000,0.00000000000000
2026-01-06 17:40:58,0.00270270270270,0.01878937849288
2026-01-06 17:40:59,0.00267379679144,0.01853521333825
2026-01-06 17:41:00,0.00000000000000,0.00000000000000
2026-01-06 17:41:01,0.01344086021505,0.09525326879547
2026-01-06 17:41:02,0.00000000000000,0.00000000000000
2026-01-06 17:41:03,0.03947368421053,0.27136781340740
2026-01-06 17:41:04,0.00534759358289,0.03678951955813
2026-01-06 17:41:05,0.00533333333333,0.03705363242522
2026-01-06 17:41:06,0.00000000000000,0.00000000000000
2026-01-06 17:41:07,0.00268817204301,0.01911215027703
2026-01-06 17:41:08,0.00000000000000,0.00000000000000
2026-01-06 17:41:09,0.01329787234043,0.09298132079987
2026-01-06 17:41:10,0.01078167115903,0.07494513345747
2026-01-06 17:41:11,0.03968253968254,0.28099340540568
2026-01-06 17:41:12,0.02732240437158,0.19501721086865
2026-01-06 17:41:13,0.01063829787234,0.07482384967781
2026-01-06 17:41:14,0.00000000000000,0.00000000000000
2026-01-06 17:41:15,0.00817438692098,0.06029381017013
2026-01-06 17:41:16,0.00000000000000,0.00000000000000
2026-01-06 17:41:17,0.00274725274725,0.02232157915956
2026-01-06 17:41:18,0.00000000000000,0.00000000000000
2026-01-06 17:41:19,0.00266666666667,0.01868617235840
2026-01-06 17:41:20,0.00810810810811,0.05766248591424
2026-01-06 17:41:21,0.01866666666667,0.12968771348828
2026-01-06 17:41:22,0.01604278074866,0.11065981088029
2026-01-06 17:41:23,0.00800000000000,0.05570612763611
2026-01-06 17:41:24,0.03494623655914,0.24448043312919
2026-01-06 17:41:25,0.01336898395722,0.09289375376483
2026-01-06 17:41:26,0.02419354838710,0.17087277381896
2026-01-06 17:41:27,0.00824175824176,0.05645097128332
2026-01-06 17:41:28,0.00268817204301,0.01839472541183
2026-01-06 17:41:29,0.00000000000000,0.00000000000000
2026-01-06 17:41:30,0.00804289544236,0.05614166199816
2026-01-06 17:41:31,0.02472527472527,0.17542001792550
2026-01-06 17:41:32,0.02680965147453,0.18932378507975
2026-01-06 17:41:33,0.00531914893617,0.03711452123355
2026-01-06 17:41:34,0.00000000000000,0.00000000000000
2026-01-06 17:41:35,0.00817438692098,0.05891482642152
2026-01-06 17:41:36,0.00000000000000,0.00000000000000
2026-01-06 17:41:37,0.00547945205479,0.04195453935968
2026-01-06 17:41:38,0.00271002710027,0.01972787816228
2026-01-06 17:41:39,0.02964959568733,0.20511372836873
2026-01-06 17:41:40,0.03217158176944,0.22456664799263
2026-01-06 17:41:41,0.02419354838710,0.16890006405471
2026-01-06 17:41:42,0.02191780821918,0.15622606014844
2026-01-06 17:41:43,0.01322751322751,0.09119561322038
2026-01-06 17:41:44,0.01075268817204,0.07418834931337
2026-01-06 17:41:45,0.01078167115903,0.07420135713161
2026-01-06 17:41:46,0.02439024390244,0.17233297871679
2026-01-06 17:41:47,0.02445652173913,0.17451162519148
2026-01-06 17:41:48,0.01902173913043,0.13130700901326
2026-01-06 17:41:49,0.00262467191601,0.01783368570738
2026-01-06 17:41:50,0.00000000000000,0.00000000000000
2026-01-06 17:41:51,0.00277777777778,0.02399357260377
2026-01-06 17:41:52,0.00271739130435,0.02117157665056
2026-01-06 17:41:53,0.00000000000000,0.00000000000000
2026-01-06 17:41:54,0.00540540540541,0.03804943479526
2026-01-06 17:41:55,0.01333333333333,0.09241713314475
2026-01-06 17:41:56,0.00000000000000,0.00000000000000
2026-01-06 17:41:57,0.01081081081081,0.07623891934996
2026-01-06 17:41:58,0.01886792452830,0.13145119122641
2026-01-06 17:41:59,0.00542005420054,0.03808533716778
2026-01-06 17:42:00,0.01907356948229,0.13456424974290
2026-01-06 17:42:01,0.02425876010782,0.16973455906448
2026-01-06 17:42:02,0.02717391304348,0.19330724132785
2026-01-06 17:42:03,0.00266666666667,0.01864831312749
2026-01-06 17:42:04,0.00810810810811,0.05685411893991
2026-01-06 17:42:05,0.01061007957560,0.07475239776674
2026-01-06 17:42:06,0.01092896174863,0.07738625201954
2026-01-06 17:42:07,0.00804289544236,0.05669610979588
2026-01-06 17:42:08,0.00000000000000,0.00000000000000
2026-01-06 17:42:09,0.01336898395722,0.09422808998918
2026-01-06 17:42:10,0.00000000000000,0.00000000000000
2026-01-06 17:42:11,0.00540540540541,0.03838052682069
2026-01-06 17:42:12,0.02680965147453,0.19355461010413
2026-01-06 17:42:13,0.00534759358289,0.03747725835081
2026-01-06 17:42:14,0.02127659574468,0.14709690319133
2026-01-06 17:42:15,0.01089918256131,0.07865732328184
2026-01-06 17:42:16,0.00286532951289,0.02220083546248
2026-01-06 17:42:17,0.00274725274725,0.02107792693695
2026-01-06 17:42:18,0.00000000000000,0.00000000000000
2026-01-06 17:42:19,0.00275482093664,0.02012638549213
2026-01-06 17:42:20,0.00000000000000,0.00000000000000
2026-01-06 17:42:21,0.01340482573727,0.10049575661978
2026-01-06 17:42:22,0.04945054945055,0.34559478209811
2026-01-06 17:42:23,0.01049868766404,0.07235553893052
2026-01-06 17:42:24,0.00527704485488,0.03655818426985
2026-01-06 17:42:25,0.01612903225806,0.11003980577982
2026-01-06 17:42:26,0.00817438692098,0.05787345964819
2026-01-06 17:42:27,0.00824175824176,0.05875414803331
2026-01-06 17:42:28,0.01340482573727,0.09336573036224
2026-01-06 17:42:29,0.01329787234043,0.09370159220792
2026-01-06 17:42:30,0.00549450549451,0.03891664488647
2026-01-06 17:42:31,0.02406417112299,0.16929941081970
2026-01-06 17:42:32,0.00819672131148,0.05783596761031
2026-01-06 17:42:33,0.02105263157895,0.14582960237028
2026-01-06 17:42:34,0.00267379679144,0.01903413162569
2026-01-06 17:42:35,0.00547945205479,0.04148746515260
2026-01-06 17:42:36,0.00277777777778,0.02204242099434
2026-01-06 17:42:37,0.00000000000000,0.00000000000000
2026-01-06 17:42:38,0.00266666666667,0.01906512263292
2026-01-06 17:42:39,0.00000000000000,0.00000000000000
2026-01-06 17:42:40,0.00273224043716,0.02112301773188
2026-01-06 17:42:41,0.00808625336927,0.05749901573713
2026-01-06 17:42:42,0.00000000000000,0.00000000000000
2026-01-06 17:42:43,0.00267379679144,0.01870064838392
2026-01-06 17:42:44,0.00000000000000,0.00000000000000
2026-01-06 17:42:45,0.02666666666667,0.18293273229044
2026-01-06 17:42:46,0.04278074866310,0.30359199338640
2026-01-06 17:42:47,0.00533333333333,0.03784259784590
2026-01-06 17:42:48,0.00533333333333,0.03696685325790
2026-01-06 17:42:49,0.00000000000000,0.00000000000000
2026-01-06 17:42:50,0.00800000000000,0.05637847153817
2026-01-06 17:42:51,0.02956989247312,0.20686805880162
2026-01-06 17:42:52,0.01643835616438,0.11486707586571
2026-01-06 17:42:53,0.03753351206434,0.26307925361172
2026-01-06 17:42:54,0.01340482573727,0.09395687628990
2026-01-06 17:42:55,0.03252032520325,0.23368032209820
2026-01-06 17:42:56,0.00810810810811,0.05825357756660
2026-01-06 17:42:57,0.00802139037433,0.05692349875995
2026-01-06 17:42:58,0.01591511936340,0.10973849509413
2026-01-06 17:42:59,0.00265957446809,0.01851691940391
2026-01-06 17:43:00,0.00000000000000,0.00000000000000
2026-01-06 17:43:01,0.02673796791444,0.18911817010144
2026-01-06 17:43:02,0.00268096514745,0.01893237850798
2026-01-06 17:43:03,0.00000000000000,0.00000000000000
2026-01-06 17:43:04,0.01058201058201,0.07397206337111
2026-01-06 17:43:05,0.02425876010782,0.17105181075938
2026-01-06 17:43:06,0.01333333333333,0.09379179981664
2026-01-06 17:43:07,0.00279329608939,0.02170903500421
2026-01-06 17:43:08,0.00000000000000,0.00000000000000
2026-01-06 17:43:09,0.00274725274725,0.01906919753147
2026-01-06 17:43:10,0.00268096514745,0.01889870326529
2026-01-06 17:43:11,0.00268096514745,0.01879137525798
2026-01-06 17:43:12,0.01336898395722,0.09387702566545
2026-01-06 17:43:13,0.02387267904509,0.16618871032783
2026-01-06 17:43:14,0.00000000000000,0.00000000000000
2026-01-06 17:43:15,0.00536193029491,0.03934917606444
2026-01-06 17:43:16,0.00274725274725,0.02068062353216
2026-01-06 17:43:17,0.00000000000000,0.00000000000000
2026-01-06 17:43:18,0.00537634408602,0.03877039877483
2026-01-06 17:43:19,0.00000000000000,0.00000000000000
2026-01-06 17:43:20,0.00000000000000,0.00000000000000
2026-01-06 17:43:21,0.00273224043716,0.02205159171208
2026-01-06 17:43:22,0.00000000000000,0.00000000000000
2026-01-06 17:43:23,0.01344086021505,0.09666950839011
2026-01-06 17:43:24,0.03174603174603,0.21769956778569
2026-01-06 17:43:25,0.00804289544236,0.05518729294444
2026-01-06 17:43:26,0.00000000000000,0.00000000000000
2026-01-06 17:43:27,0.00787401574803,0.05513212866187
2026-01-06 17:43:28,0.00264550264550,0.01786332418789
2026-01-06 17:43:29,0.00000000000000,0.00000000000000
2026-01-06 17:43:30,0.00303030303030,0.02365150959133
2026-01-06 17:43:31,0.00273224043716,0.01979838563148
2026-01-06 17:43:32,0.00000000000000,0.00000000000000
2026-01-06 17:43:33,0.01066666666667,0.07252321729974
2026-01-06 17:43:34,0.01336898395722,0.09245045642982
2026-01-06 17:43:35,0.02400000000000,0.16635083966055
2026-01-06 17:43:36,0.00263157894737,0.01839088518131
2026-01-06 17:43:37,0.00000000000000,0.00000000000000
2026-01-06 17:43:38,0.00269541778976,0.02119268749840
2026-01-06 17:43:39,0.00000000000000,0.00000000000000
2026-01-06 17:43:40,0.00273224043716,0.02408646513795
2026-01-06 17:43:41,0.00273972602740,0.02241093306218
2026-01-06 17:43:42,0.00271002710027,0.02199428816337
2026-01-06 17:43:43,0.00000000000000,0.00000000000000
2026-01-06 17:43:44,0.00000000000000,0.00000000000000
2026-01-06 17:43:45,0.00558659217877,0.04783182219050
2026-01-06 17:43:46,0.00000000000000,0.00000000000000
2026-01-06 17:43:47,0.00268817204301,0.02233064114396
2026-01-06 17:43:48,0.00000000000000,0.00000000000000
2026-01-06 17:43:49,0.00271739130435,0.02106213892746
2026-01-06 17:43:50,0.00000000000000,0.00000000000000
2026-01-06 17:43:51,0.00271002710027,0.02302946374104
2026-01-06 17:43:52,0.00000000000000,0.00000000000000
2026-01-06 17:43:53,0.00000000000000,0.00000000000000
2026-01-06 17:43:54,0.00540540540541,0.04543406556646
2026-01-06 17:43:55,0.00000000000000,0.00000000000000
2026-01-06 17:43:56,0.00265957446809,0.02383852349203
2026-01-06 17:43:57,0.00000000000000,0.00000000000000
2026-01-06 17:43:58,0.01069518716578,0.07431500301187
2026-01-06 17:43:59,0.00268817204301,0.01863964662553
2026-01-06 17:44:00,0.00000000000000,0.00000000000000
2026-01-06 17:44:01,0.01648351648352,0.11519826069937
2026-01-06 17:44:02,0.04244031830239,0.30153038210047
2026-01-06 17:44:03,0.00268817204301,0.01876667378386
2026-01-06 17:44:04,0.01856763925729,0.12734331392903
2026-01-06 17:44:05,0.01066666666667,0.07459325250995
2026-01-06 17:44:06,0.02133333333333,0.14948937886720
2026-01-06 17:44:07,0.03208556149733,0.22732281609921
2026-01-06 17:44:08,0.01086956521739,0.07483412716532
2026-01-06 17:44:09,0.04324324324324,0.30260639292536
2026-01-06 17:44:10,0.00793650793651,0.05471736793223
2026-01-06 17:44:11,0.00000000000000,0.00000000000000
2026-01-06 17:44:12,0.00270270270270,0.01912677240826
2026-01-06 17:44:13,0.00000000000000,0.00000000000000
2026-01-06 17:44:14,0.00263852242744,0.01864968400206
2026-01-06 17:44:15,0.03225806451613,0.22420178356093
2026-01-06 17:44:16,0.02688172043011,0.18917290904057
2026-01-06 17:44:17,0.00000000000000,0.00000000000000
2026-01-06 17:44:18,0.00271739130435,0.01920279509694
2026-01-06 17:44:19,0.00000000000000,0.00000000000000
2026-01-06 17:44:20,0.00791556728232,0.05554617038644
2026-01-06 17:44:21,0.02949061662198,0.20964087364757
2026-01-06 17:44:22,0.01866666666667,0.13345585843047
2026-01-06 17:44:23,0.00800000000000,0.05735632598528
2026-01-06 17:44:24,0.00808625336927,0.06745166473855
2026-01-06 17:44:25,0.00277008310249,0.02504975256859
2026-01-06 17:44:26,0.00272479564033,0.02334332110016
2026-01-06 17:44:27,0.00000000000000,0.00000000000000
2026-01-06 17:44:28,0.00266666666667,0.01927110287046
2026-01-06 17:44:29,0.00273224043716,0.02077755833023
2026-01-06 17:44:30,0.00000000000000,0.00000000000000
2026-01-06 17:44:31,0.00000000000000,0.00000000000000
2026-01-06 17:44:32,0.00268096514745,0.02132148439357
2026-01-06 17:44:33,0.02139037433155,0.14828170670603
2026-01-06 17:44:34,0.02110817941953,0.14657518242210
2026-01-06 17:44:35,0.01591511936340,0.11103372877889
2026-01-06 17:44:36,0.01089918256131,0.07675246007492
2026-01-06 17:44:37,0.01881720430108,0.13266457429952
2026-01-06 17:44:38,0.00263157894737,0.01831256409260
2026-01-06 17:44:39,0.00269541778976,0.01903964557273
2026-01-06 17:44:40,0.00544959128065,0.03851557599592
2026-01-06 17:44:41,0.01866666666667,0.13154976692240
2026-01-06 17:44:42,0.00273972602740,0.01936870374508
2026-01-06 17:44:43,0.00000000000000,0.00000000000000
2026-01-06 17:44:44,0.00000000000000,0.00000000000000
2026-01-06 17:44:45,0.00795755968170,0.05539623677594
2026-01-06 17:44:46,0.00266666666667,0.01906512263292
2026-01-06 17:44:47,0.00000000000000,0.00000000000000
2026-01-06 17:44:48,0.00265251989390,0.01865385067886
2026-01-06 17:44:49,0.00000000000000,0.00000000000000
2026-01-06 17:44:50,0.01315789473684,0.09232115652642
2026-01-06 17:44:51,0.00271002710027,0.02088976822856
2026-01-06 17:44:52,0.00000000000000,0.00000000000000
2026-01-06 17:44:53,0.00268096514745,0.01896511125376
2026-01-06 17:44:54,0.00272479564033,0.02004566329739
2026-01-06 17:44:55,0.00806451612903,0.06976842162668
2026-01-06 17:44:56,0.02659574468085,0.18516919403915
2026-01-06 17:44:57,0.02989130434783,0.20686537618515
2026-01-06 17:44:58,0.00264550264550,0.01814163064881
2026-01-06 17:44:59,0.00524934383202,0.03675475244125
2026-01-06 17:45:00,0.03296703296703,0.23039652139874
2026-01-06 17:45:01,0.03243243243243,0.23064994365694
2026-01-06 17:45:02,0.00266666666667,0.01879282384606
2026-01-06 17:45:03,0.00000000000000,0.00000000000000
2026-01-06 17:45:04,0.00781250000000,0.05499118261982
2026-01-06 17:45:05,0.02425876010782,0.17135681015458
2026-01-06 17:45:06,0.00275482093664,0.02305797380627
2026-01-06 17:45:07,0.00267379679144,0.02206649485632
2026-01-06 17:45:08,0.00000000000000,0.00000000000000
2026-01-06 17:45:09,0.00271002710027,0.02082037886866
2026-01-06 17:45:10,0.00000000000000,0.00000000000000
2026-01-06 17:45:11,0.00000000000000,0.00000000000000
2026-01-06 17:45:12,0.00542005420054,0.03945575632457
2026-01-06 17:45:13,0.01063829787234,0.07372769375395
2026-01-06 17:45:14,0.01072386058981,0.07469258428979
2026-01-06 17:45:15,0.01329787234043,0.09418827164604
2026-01-06 17:45:16,0.00000000000000,0.00000000000000
2026-01-06 17:45:17,0.00271002710027,0.02055515224046
2026-01-06 17:45:18,0.00271002710027,0.02003290261747
2026-01-06 17:45:19,0.00000000000000,0.00000000000000
2026-01-06 17:45:20,0.00273972602740,0.02188220096970
2026-01-06 17:45:21,0.00804289544236,0.06488996193302
2026-01-06 17:45:22,0.01912568306011,0.13495059109072
2026-01-06 17:45:23,0.01069518716578,0.07431500301187
2026-01-06 17:45:24,0.01049868766404,0.07155441177318
2026-01-06 17:45:25,0.02445652173913,0.16925348960603
2026-01-06 17:45:26,0.00819672131148,0.05859217171484
2026-01-06 17:45:27,0.01063829787234,0.07559346089250
2026-01-06 17:45:28,0.00272479564033,0.01950304610784
2026-01-06 17:45:29,0.00271002710027,0.01970297947133
2026-01-06 17:45:30,0.00269541778976,0.02240496032384
2026-01-06 17:45:31,0.00000000000000,0.00000000000000
2026-01-06 17:45:32,0.00267379679144,0.02175428448735
2026-01-06 17:45:33,0.00000000000000,0.00000000000000
2026-01-06 17:45:34,0.00000000000000,0.00000000000000
2026-01-06 17:45:35,0.00808625336927,0.05565101784871
2026-01-06 17:45:36,0.00000000000000,0.00000000000000
2026-01-06 17:45:37,0.00272479564033,0.01918811501873
2026-01-06 17:45:38,0.00808625336927,0.05657818635483
2026-01-06 17:45:39,0.00534759358289,0.03747725835081
2026-01-06 17:45:40,0.00531914893617,0.03726800491516
2026-01-06 17:45:41,0.00000000000000,0.00000000000000
2026-01-06 17:45:42,0.01336898395722,0.09289375376483
2026-01-06 17:45:43,0.00266666666667,0.01872283170518
2026-01-06 17:45:44,0.02673796791444,0.19004669006207
2026-01-06 17:45:45,0.01861702127660,0.13164272266086
2026-01-06 17:45:46,0.01347708894879,0.09485427639736
2026-01-06 17:45:47,0.01871657754011,0.13167731952644
2026-01-06 17:45:48,0.00270270270270,0.01887312730335
2026-01-06 17:45:49,0.00000000000000,0.00000000000000
2026-01-06 17:45:50,0.00000000000000,0.00000000000000
2026-01-06 17:45:51,0.00273972602740,0.02122638901965
2026-01-06 17:45:52,0.00266666666667,0.01939263377020
2026-01-06 17:45:53,0.00274725274725,0.02033098392647
2026-01-06 17:45:54,0.00000000000000,0.00000000000000
2026-01-06 17:45:55,0.00813008130081,0.07013563539972
2026-01-06 17:45:56,0.00000000000000,0.00000000000000
2026-01-06 17:45:57,0.00000000000000,0.00000000000000
2026-01-06 17:45:58,0.00271739130435,0.01983495697383
2026-01-06 17:45:59,0.00000000000000,0.00000000000000
2026-01-06 17:46:00,0.00281690140845,0.02284072136638
2026-01-06 17:46:01,0.00265251989390,0.01854449916293
2026-01-06 17:46:02,0.01340482573727,0.09395687628990
2026-01-06 17:46:03,0.02887139107612,0.19947988781767
2026-01-06 17:46:04,0.02150537634409,0.15013339027085
2026-01-06 17:46:05,0.00537634408602,0.03850882158679
2026-01-06 17:46:06,0.00271002710027,0.01918126047853
2026-01-06 17:46:07,0.01630434782609,0.11480006855250
2026-01-06 17:46:08,0.00802139037433,0.05598417367798
2026-01-06 17:46:09,0.00268817204301,0.01872579781554
2026-01-06 17:46:10,0.00795755968170,0.05635539316222
2026-01-06 17:46:11,0.00824175824176,0.05783852275610
2026-01-06 17:46:12,0.00791556728232,0.05508971054838
2026-01-06 17:46:13,0.00530503978780,0.03667209099913
2026-01-06 17:46:14,0.01366120218579,0.09656545007823
2026-01-06 17:46:15,0.01617250673854,0.11499803147427
2026-01-06 17:46:16,0.00877192982456,0.06963471745693
2026-01-06 17:46:17,0.00276243093923,0.02096981500924
2026-01-06 17:46:18,0.00269541778976,0.01889774474603
2026-01-06 17:46:19,0.00265957446809,0.02169055604737
2026-01-06 17:46:20,0.00000000000000,0.00000000000000
2026-01-06 17:46:21,0.00269541778976,0.02200861112865
2026-01-06 17:46:22,0.00000000000000,0.00000000000000
2026-01-06 17:46:23,0.00817438692098,0.06029381017013
2026-01-06 17:46:24,0.01583113456464,0.10884657337043
2026-01-06 17:46:25,0.00813008130081,0.05678039768856
2026-01-06 17:46:26,0.00000000000000,0.00000000000000
2026-01-06 17:46:27,0.02122015915119,0.14804497170519
2026-01-06 17:46:28,0.02116402116402,0.14824411306543
2026-01-06 17:46:29,0.00542005420054,0.03822800755331
2026-01-06 17:46:30,0.00271002710027,0.02263473401673
2026-01-06 17:46:31,0.00000000000000,0.00000000000000
2026-01-06 17:46:32,0.00265251989390,0.02094107105314
2026-01-06 17:46:33,0.00000000000000,0.00000000000000
2026-01-06 17:46:34,0.00000000000000,0.00000000000000
2026-01-06 17:46:35,0.00546448087432,0.04253894972959
2026-01-06 17:46:36,0.00000000000000,0.00000000000000
2026-01-06 17:46:37,0.00272479564033,0.02154312794998
2026-01-06 17:46:38,0.00000000000000,0.00000000000000
2026-01-06 17:46:39,0.00265957446809,0.02134504658610
2026-01-06 17:46:40,0.00000000000000,0.00000000000000
2026-01-06 17:46:41,0.02168021680217,0.15204240109720
2026-01-06 17:46:42,0.00000000000000,0.00000000000000
2026-01-06 17:46:43,0.01061007957560,0.07315899672942
2026-01-06 17:46:44,0.01322751322751,0.09207092746666
2026-01-06 17:46:45,0.01600000000000,0.11211703415040
2026-01-06 17:46:46,0.01600000000000,0.11439073579755
2026-01-06 17:46:47,0.02933333333333,0.20878811176558
2026-01-06 17:46:48,0.00263157894737,0.01813869262010
2026-01-06 17:46:49,0.01355013550136,0.09574054373155
2026-01-06 17:46:50,0.01591511936340,0.11212859665010
2026-01-06 17:46:51,0.00000000000000,0.00000000000000
2026-01-06 17:46:52,0.02156334231806,0.15087516361287
2026-01-06 17:46:53,0.01866666666667,0.13026428170041
2026-01-06 17:46:54,0.00265957446809,0.01847516593738
2026-01-06 17:46:56,0.00267379679144,0.01862078399065
2026-01-06 17:46:57,0.00279329608939,0.02399816525729
2026-01-06 17:46:58,0.00266666666667,0.01941673856960
2026-01-06 17:46:59,0.00265957446809,0.01838711289892
2026-01-06 17:47:00,0.00000000000000,0.00000000000000
2026-01-06 17:47:01,0.00533333333333,0.03751671992666
2026-01-06 17:47:02,0.00268817204301,0.01985826820941
2026-01-06 17:47:03,0.00000000000000,0.00000000000000
2026-01-06 17:47:04,0.00269541778976,0.01930909160488
2026-01-06 17:47:05,0.00271739130435,0.02174745097475
2026-01-06 17:47:06,0.00275482093664,0.02358548334731
2026-01-06 17:47:07,0.00000000000000,0.00000000000000
2026-01-06 17:47:08,0.00265251989390,0.02015785549198
2026-01-06 17:47:09,0.00000000000000,0.00000000000000
2026-01-06 17:47:10,0.00268817204301,0.01876667378386
2026-01-06 17:47:11,0.00000000000000,0.00000000000000
2026-01-06 17:47:12,0.01329787234043,0.09403051618633
2026-01-06 17:47:13,0.00544959128065,0.03837623003746
2026-01-06 17:47:14,0.00787401574803,0.05524004583091
2026-01-06 17:47:15,0.01066666666667,0.07296463344654
2026-01-06 17:47:16,0.00272479564033,0.02116519227071
2026-01-06 17:47:17,0.00280112044818,0.02181881566549
2026-01-06 17:47:18,0.00534759358289,0.03933564658812
2026-01-06 17:47:19,0.00000000000000,0.00000000000000
2026-01-06 17:47:20,0.00268096514745,0.01863097188570
2026-01-06 17:47:21,0.00000000000000,0.00000000000000
2026-01-06 17:47:22,0.01587301587302,0.11161213458340
2026-01-06 17:47:23,0.00000000000000,0.00000000000000
2026-01-06 17:47:24,0.00264550264550,0.01882230127773
2026-01-06 17:47:25,0.00537634408602,0.03961382768776
2026-01-06 17:47:26,0.00271002710027,0.02061954626502
2026-01-06 17:47:27,0.00554016620499,0.04822137080444
2026-01-06 17:47:28,0.00000000000000,0.00000000000000
2026-01-06 17:47:29,0.00269541778976,0.01994231839099
2026-01-06 17:47:30,0.00000000000000,0.00000000000000
2026-01-06 17:47:31,0.00000000000000,0.00000000000000
2026-01-06 17:47:32,0.00273224043716,0.02294529235564
2026-01-06 17:47:33,0.00000000000000,0.00000000000000
2026-01-06 17:47:34,0.00267379679144,0.01937475717755
2026-01-06 17:47:35,0.00263852242744,0.01844181193051
2026-01-06 17:47:36,0.00000000000000,0.00000000000000
2026-01-06 17:47:37,0.00536193029491,0.03793022250751
2026-01-06 17:47:38,0.00000000000000,0.00000000000000
2026-01-06 17:47:39,0.00000000000000,0.00000000000000
2026-01-06 17:47:40,0.00273224043716,0.01997590510261
2026-01-06 17:47:41,0.00000000000000,0.00000000000000
2026-01-06 17:47:42,0.00563380281690,0.04195975339365
2026-01-06 17:47:43,0.00270270270270,0.01927988409469
2026-01-06 17:47:44,0.01075268817204,0.07490319126215
2026-01-06 17:47:45,0.01049868766404,0.07365339444121
2026-01-06 17:47:46,0.00267379679144,0.01853521333825
2026-01-06 17:47:47,0.00270270270270,0.01954666756714
2026-01-06 17:47:48,0.00000000000000,0.00000000000000
2026-01-06 17:47:49,0.00272479564033,0.01947469448738
2026-01-06 17:47:50,0.00273972602740,0.02184215846298
2026-01-06 17:47:51,0.00000000000000,0.00000000000000
2026-01-06 17:47:52,0.01061007957560,0.07334418199825
2026-01-06 17:47:53,0.02362204724409,0.16147344440606
2026-01-06 17:47:54,0.01329787234043,0.09170326522753
2026-01-06 17:47:55,0.00267379679144,0.01799822948596
2026-01-06 17:47:56,0.00804289544236,0.05637412577394
2026-01-06 17:47:57,0.00000000000000,0.00000000000000
2026-01-06 17:47:58,0.00273224043716,0.02098110079308
2026-01-06 17:47:59,0.00267379679144,0.01853521333825
2026-01-06 17:48:00,0.00268096514745,0.02015718509121
2026-01-06 17:48:01,0.00000000000000,0.00000000000000
2026-01-06 17:48:02,0.00277008310249,0.02321634942745
2026-01-06 17:48:03,0.00000000000000,0.00000000000000
2026-01-06 17:48:04,0.01897018970190,0.13379802643658
2026-01-06 17:48:05,0.00267379679144,0.01853521333825
2026-01-06 17:48:06,0.00268096514745,0.01896511125376
2026-01-06 17:48:07,0.00000000000000,0.00000000000000
2026-01-06 17:48:08,0.00000000000000,0.00000000000000
2026-01-06 17:48:09,0.01587301587302,0.11118308479907
2026-01-06 17:48:10,0.00265957446809,0.01863400245758
2026-01-06 17:48:11,0.00557103064067,0.04110857652447
2026-01-06 17:48:12,0.00313479623824,0.02703605318110
2026-01-06 17:48:13,0.00000000000000,0.00000000000000
2026-01-06 17:48:14,0.00266666666667,0.01872283170518
2026-01-06 17:48:15,0.00552486187845,0.04263900633456
2026-01-06 17:48:16,0.00000000000000,0.00000000000000
2026-01-06 17:48:17,0.00000000000000,0.00000000000000
2026-01-06 17:48:18,0.00533333333333,0.04094585536508
2026-01-06 17:48:19,0.00000000000000,0.00000000000000
2026-01-06 17:48:20,0.00267379679144,0.02198844129651
2026-01-06 17:48:21,0.00000000000000,0.00000000000000
2026-01-06 17:48:22,0.00273972602740,0.02370035471231
2026-01-06 17:48:23,0.00000000000000,0.00000000000000
2026-01-06 17:48:24,0.01621621621622,0.11130984703096
2026-01-06 17:48:25,0.01891891891892,0.13152564945014
2026-01-06 17:48:26,0.00277008310249,0.02165247955527
2026-01-06 17:48:27,0.00000000000000,0.00000000000000
2026-01-06 17:48:28,0.00547945205479,0.03928738193964
2026-01-06 17:48:29,0.00000000000000,0.00000000000000
2026-01-06 17:48:30,0.00274725274725,0.02269231482668
2026-01-06 17:48:31,0.00000000000000,0.00000000000000
2026-01-06 17:48:32,0.00264550264550,0.02170343434705
2026-01-06 17:48:33,0.01871657754011,0.13062973858196
2026-01-06 17:48:34,0.00265957446809,0.01813661377038
2026-01-06 17:48:35,0.00808625336927,0.05533944884338
2026-01-06 17:48:36,0.00281690140845,0.02237149838074
2026-01-06 17:48:37,0.00000000000000,0.00000000000000
2026-01-06 17:48:38,0.00543478260870,0.03883795913742
2026-01-06 17:48:39,0.00000000000000,0.00000000000000
2026-01-06 17:48:40,0.00000000000000,0.00000000000000
2026-01-06 17:48:41,0.00268096514745,0.02206082390951
2026-01-06 17:48:42,0.00274725274725,0.02090649735224
2026-01-06 17:48:43,0.00268096514745,0.01871388733272
2026-01-06 17:48:44,0.01583113456464,0.10758989464131
2026-01-06 17:48:45,0.04244031830239,0.29186767545044
2026-01-06 17:48:46,0.00270270270270,0.02079024717222
2026-01-06 17:48:47,0.00000000000000,0.00000000000000
2026-01-06 17:48:48,0.00793650793651,0.05580606729170
2026-01-06 17:48:49,0.01063829787234,0.07390066374952
2026-01-06 17:48:50,0.00000000000000,0.00000000000000
2026-01-06 17:48:51,0.00264550264550,0.01853051413318
2026-01-06 17:48:52,0.01612903225806,0.11306647788702
2026-01-06 17:48:53,0.04021447721180,0.28070830999079
2026-01-06 17:48:54,0.01322751322751,0.09119561322038
2026-01-06 17:48:55,0.01600000000000,0.11165509860035
2026-01-06 17:48:56,0.02122015915119,0.14950479553347
2026-01-06 17:48:57,0.00000000000000,0.00000000000000
2026-01-06 17:48:58,0.00540540540541,0.03883571837773
2026-01-06 17:48:59,0.00274725274725,0.02017083737260
2026-01-06 17:49:00,0.00000000000000,0.00000000000000
2026-01-06 17:49:01,0.00000000000000,0.00000000000000
2026-01-06 17:49:02,0.00278551532033,0.02329290704513
2026-01-06 17:49:03,0.00000000000000,0.00000000000000
2026-01-06 17:49:04,0.00273224043716,0.02005267464224
2026-01-06 17:49:05,0.00540540540541,0.04252062952814
2026-01-06 17:49:06,0.00000000000000,0.00000000000000
2026-01-06 17:49:07,0.00274725274725,0.02199479278669
2026-01-06 17:49:08,0.00000000000000,0.00000000000000
2026-01-06 17:49:09,0.00271002710027,0.02046101574406
2026-01-06 17:49:10,0.00000000000000,0.00000000000000
2026-01-06 17:49:11,0.00000000000000,0.00000000000000
2026-01-06 17:49:12,0.00273224043716,0.02302567764847
2026-01-06 17:49:13,0.00000000000000,0.00000000000000
2026-01-06 17:49:14,0.02133333333333,0.15207560717848
2026-01-06 17:49:15,0.00797872340426,0.05578879247992
2026-01-06 17:49:16,0.00000000000000,0.00000000000000
2026-01-06 17:49:17,0.02695417789757,0.18934874285421
2026-01-06 17:49:18,0.01866666666667,0.13326293960434
2026-01-06 17:49:19,0.02688172043011,0.18844412981170
2026-01-06 17:49:20,0.02122015915119,0.16551286755197
2026-01-06 17:49:21,0.00000000000000,0.00000000000000
2026-01-06 17:49:22,0.00000000000000,0.00000000000000
2026-01-06 17:49:23,0.00270270270270,0.01933653092105
2026-01-06 17:49:24,0.00542005420054,0.03815775945168
2026-01-06 17:49:25,0.00276243093923,0.02110573280195
2026-01-06 17:49:26,0.00550964187328,0.04804552656595
2026-01-06 17:49:27,0.00000000000000,0.00000000000000
2026-01-06 17:49:28,0.00271002710027,0.01985278324629
2026-01-06 17:49:29,0.00000000000000,0.00000000000000
2026-01-06 17:49:30,0.00272479564033,0.02185861148995
2026-01-06 17:49:31,0.00000000000000,0.00000000000000
2026-01-06 17:49:32,0.00269541778976,0.02268023090634
2026-01-06 17:49:33,0.01063829787234,0.07636512560689
2026-01-06 17:49:34,0.00000000000000,0.00000000000000
2026-01-06 17:49:35,0.01897018970190,0.13276691351367
2026-01-06 17:49:36,0.00273972602740,0.01961562891028
2026-01-06 17:49:37,0.00533333333333,0.03778093171761
2026-01-06 17:49:38,0.00267379679144,0.01877540513309
2026-01-06 17:49:39,0.00806451612903,0.05724535311079
2026-01-06 17:49:40,0.00269541778976,0.01928164439068
2026-01-06 17:49:41,0.00000000000000,0.00000000000000
2026-01-06 17:49:42,0.00276243093923,0.02135621979202
2026-01-06 17:49:43,0.00534759358289,0.03658413088961
2026-01-06 17:49:44,0.00000000000000,0.00000000000000
2026-01-06 17:49:45,0.00530503978780,0.03667209099913
2026-01-06 17:49:46,0.00808625336927,0.05740762011308
2026-01-06 17:49:47,0.02432432432432,0.17021609602052
2026-01-06 17:49:48,0.00536193029491,0.03786475701595
2026-01-06 17:49:49,0.00263852242744,0.01844181193051
2026-01-06 17:49:50,0.01319261213720,0.09385031737813
2026-01-06 17:49:51,0.00824175824176,0.05866274693438
2026-01-06 17:49:52,0.00808625336927,0.05784493317203
2026-01-06 17:49:53,0.01861702127660,0.13141574601211
2026-01-06 17:49:54,0.02631578947368,0.18271361810362
2026-01-06 17:49:55,0.01055408970976,0.07361273606616
2026-01-06 17:49:56,0.00802139037433,0.05653685399351
2026-01-06 17:49:57,0.02425876010782,0.17135681015458
2026-01-06 17:49:58,0.00000000000000,0.00000000000000
2026-01-06 17:49:59,0.02139037433155,0.15020324106472
2026-01-06 17:50:00,0.01061007957560,0.07461540271542
2026-01-06 17:50:01,0.00000000000000,0.00000000000000
2026-01-06 17:50:02,0.00270270270270,0.01947018545026
2026-01-06 17:50:03,0.00000000000000,0.00000000000000
2026-01-06 17:50:04,0.01604278074866,0.11286627387980
2026-01-06 17:50:05,0.03804347826087,0.26883913135716
2026-01-06 17:50:06,0.00800000000000,0.05570612763611
2026-01-06 17:50:07,0.01078167115903,0.07629034601268
2026-01-06 17:50:08,0.00271002710027,0.01892679922952
2026-01-06 17:50:09,0.02374670184697,0.16562865614886
2026-01-06 17:50:10,0.01098901098901,0.07755989926542
2026-01-06 17:50:11,0.00000000000000,0.00000000000000
2026-01-06 17:50:12,0.00271002710027,0.01936357650584
2026-01-06 17:50:13,0.00269541778976,0.01877874160377
2026-01-06 17:50:14,0.00808625336927,0.05633622481132
2026-01-06 17:50:15,0.01072386058981,0.07572951403190
2026-01-06 17:50:16,0.00000000000000,0.00000000000000
2026-01-06 17:50:17,0.00267379679144,0.01894356800827
2026-01-06 17:50:18,0.00267379679144,0.01884561799784
2026-01-06 17:50:19,0.00266666666667,0.01875835996333
2026-01-06 17:50:20,0.00000000000000,0.00000000000000
2026-01-06 17:50:21,0.00285714285714,0.02599788011786
2026-01-06 17:50:22,0.00000000000000,0.00000000000000
2026-01-06 17:50:23,0.00270270270270,0.01927988409469
2026-01-06 17:50:24,0.02150537634409,0.14837669862675
2026-01-06 17:50:25,0.01333333333333,0.09284354606019
2026-01-06 17:50:26,0.01871657754011,0.13005125527077
2026-01-06 17:50:27,0.00266666666667,0.01968669016110
2026-01-06 17:50:28,0.00272479564033,0.01974124764390
2026-01-06 17:50:29,0.00270270270270,0.01964643764128
2026-01-06 17:50:30,0.00000000000000,0.00000000000000
2026-01-06 17:50:31,0.00269541778976,0.02382777072299
2026-01-06 17:50:32,0.00000000000000,0.00000000000000
2026-01-06 17:50:33,0.00271739130435,0.01986005795880
2026-01-06 17:50:34,0.02666666666667,0.18792823846057
2026-01-06 17:50:35,0.02666666666667,0.18722831705178
2026-01-06 17:50:36,0.00270270270270,0.01865202837336
2026-01-06 17:50:37,0.00000000000000,0.00000000000000
2026-01-06 17:50:38,0.00266666666667,0.01856870921204
2026-01-06 17:50:39,0.01063829787234,0.07372769375395
2026-01-06 17:50:40,0.00000000000000,0.00000000000000
2026-01-06 17:50:41,0.00272479564033,0.02552463269301
2026-01-06 17:50:42,0.00000000000000,0.00000000000000
2026-01-06 17:50:43,0.00267379679144,0.01873862917540
2026-01-06 17:50:44,0.00267379679144,0.01897449958665
2026-01-06 17:50:45,0.01336898395722,0.09146032722403
2026-01-06 17:50:46,0.00534759358289,0.03782363402029
2026-01-06 17:50:47,0.01891891891892,0.13341810886242
2026-01-06 17:50:48,0.01058201058201,0.07314102506422
2026-01-06 17:50:49,0.00000000000000,0.00000000000000
2026-01-06 17:50:50,0.00000000000000,0.00000000000000
2026-01-06 17:50:51,0.00272479564033,0.01944579401718
2026-01-06 17:50:52,0.02673796791444,0.19004669006207
2026-01-06 17:50:53,0.00267379679144,0.01862078399065
2026-01-06 17:50:54,0.00265957446809,0.01867054580824
2026-01-06 17:50:55,0.00533333333333,0.03751671992666
2026-01-06 17:50:56,0.00269541778976,0.01903964557273
2026-01-06 17:50:57,0.01092896174863,0.07764353823321
2026-01-06 17:50:58,0.01055408970976,0.07376724772203
2026-01-06 17:50:59,0.00000000000000,0.00000000000000
2026-01-06 17:51:00,0.00534759358289,0.03818229717809
2026-01-06 17:51:01,0.00000000000000,0.00000000000000
2026-01-06 17:51:02,0.00271739130435,0.02395914845218
2026-01-06 17:51:03,0.00000000000000,0.00000000000000
2026-01-06 17:51:04,0.00267379679144,0.02043662502181
2026-01-06 17:51:05,0.00274725274725,0.02148174054488
2026-01-06 17:51:06,0.00555555555556,0.04269236118614
2026-01-06 17:51:07,0.00000000000000,0.00000000000000
2026-01-06 17:51:08,0.00000000000000,0.00000000000000
2026-01-06 17:51:09,0.00262467191601,0.01804154935802
2026-01-06 17:51:10,0.00800000000000,0.05582754930018
2026-01-06 17:51:11,0.01326259946950,0.09211898812503
2026-01-06 17:51:12,0.00268817204301,0.01898586375766
2026-01-06 17:51:13,0.00000000000000,0.00000000000000
2026-01-06 17:51:14,0.00269541778976,0.01859941221964
2026-01-06 17:51:15,0.00536193029491,0.04372918742809
2026-01-06 17:51:16,0.00271002710027,0.02426571199374
2026-01-06 17:51:17,0.00000000000000,0.00000000000000
2026-01-06 17:51:18,0.00000000000000,0.00000000000000
2026-01-06 17:51:19,0.00266666666667,0.01875835996333
2026-01-06 17:51:20,0.00270270270270,0.02212119618306
2026-01-06 17:51:21,0.00000000000000,0.00000000000000
2026-01-06 17:51:22,0.00270270270270,0.01902471739763
2026-01-06 17:51:23,0.00000000000000,0.00000000000000
2026-01-06 17:51:24,0.01846965699208,0.12732139835943
2026-01-06 17:51:25,0.01061007957560,0.07369519050002
2026-01-06 17:51:26,0.00531914893617,0.03741192483890
2026-01-06 17:51:27,0.00000000000000,0.00000000000000
2026-01-06 17:51:28,0.00540540540541,0.03872815655382
2026-01-06 17:51:29,0.00267379679144,0.01870064838392
2026-01-06 17:51:30,0.00263852242744,0.01798699861046
2026-01-06 17:51:31,0.00000000000000,0.00000000000000
2026-01-06 17:51:32,0.00000000000000,0.00000000000000
2026-01-06 17:51:33,0.00534759358289,0.03782363402029
2026-01-06 17:51:34,0.01063829787234,0.07296979507008
2026-01-06 17:51:35,0.00264550264550,0.01809010132458
2026-01-06 17:51:36,0.00806451612903,0.05705610081816
2026-01-06 17:51:37,0.00271739130435,0.01929995666891
2026-01-06 17:51:38,0.01081081081081,0.07498096871740
2026-01-06 17:51:39,0.00527704485488,0.03608059250148
2026-01-06 17:51:40,0.01591511936340,0.11192310407313
2026-01-06 17:51:41,0.00000000000000,0.00000000000000
2026-01-06 17:51:42,0.00289855072464,0.02314950448418
2026-01-06 17:51:43,0.00000000000000,0.00000000000000
2026-01-06 17:51:44,0.00271002710027,0.01879848181920
2026-01-06 17:51:45,0.00543478260870,0.04271758929950
2026-01-06 17:51:46,0.00275482093664,0.02386441223940
2026-01-06 17:51:47,0.00000000000000,0.00000000000000
2026-01-06 17:51:48,0.00000000000000,0.00000000000000
2026-01-06 17:51:49,0.00269541778976,0.01996873943905
2026-01-06 17:51:50,0.00000000000000,0.00000000000000
2026-01-06 17:51:51,0.00000000000000,0.00000000000000
2026-01-06 17:51:52,0.00272479564033,0.02209980284064
2026-01-06 17:51:53,0.00000000000000,0.00000000000000
2026-01-06 17:51:54,0.00265251989390,0.01850562146315
2026-01-06 17:51:55,0.00266666666667,0.01868617235840
2026-01-06 17:51:56,0.00267379679144,0.01900466900621
2026-01-06 17:51:57,0.00271002710027,0.01914810874631
2026-01-06 17:51:58,0.01846965699208,0.12795364494447
2026-01-06 17:51:59,0.00265957446809,0.01859626415997
2026-01-06 17:52:00,0.00000000000000,0.00000000000000
2026-01-06 17:52:01,0.00277777777778,0.02411456258625
2026-01-06 17:52:02,0.00558659217877,0.04145900600772
2026-01-06 17:52:03,0.00000000000000,0.00000000000000
2026-01-06 17:52:04,0.00000000000000,0.00000000000000
2026-01-06 17:52:05,0.00275482093664,0.02297573860788
2026-01-06 17:52:06,0.00000000000000,0.00000000000000
2026-01-06 17:52:07,0.00530503978780,0.03967254039601
2026-01-06 17:52:08,0.00000000000000,0.00000000000000
2026-01-06 17:52:09,0.00264550264550,0.01853051413318
2026-01-06 17:52:10,0.00000000000000,0.00000000000000
2026-01-06 17:52:11,0.00280112044818,0.02502884750149
2026-01-06 17:52:12,0.00271739130435,0.02085070617628
2026-01-06 17:52:13,0.00000000000000,0.00000000000000
2026-01-06 17:52:14,0.00789473684211,0.05493769227781
2026-01-06 17:52:15,0.00524934383202,0.03702977391634
2026-01-06 17:52:16,0.00000000000000,0.00000000000000
2026-01-06 17:52:17,0.00266666666667,0.01898073743323
2026-01-06 17:52:18,0.00000000000000,0.00000000000000
2026-01-06 17:52:19,0.00264550264550,0.01856682731258
2026-01-06 17:52:20,0.01081081081081,0.08343880567595
2026-01-06 17:52:21,0.00000000000000,0.00000000000000
2026-01-06 17:52:22,0.00000000000000,0.00000000000000
2026-01-06 17:52:23,0.00271739130435,0.01975984593998
2026-01-06 17:52:24,0.00273224043716,0.01995051005904
2026-01-06 17:52:25,0.00276243093923,0.02110573280195
2026-01-06 17:52:26,0.00817438692098,0.06702836868015
2026-01-06 17:52:27,0.00000000000000,0.00000000000000
2026-01-06 17:52:28,0.00000000000000,0.00000000000000
2026-01-06 17:52:29,0.00270270270270,0.01984568712686
2026-01-06 17:52:30,0.00000000000000,0.00000000000000
2026-01-06 17:52:31,0.00272479564033,0.02330410485347
2026-01-06 17:52:32,0.00271739130435,0.02234910479639
2026-01-06 17:52:33,0.00000000000000,0.00000000000000
2026-01-06 17:52:34,0.00262467191601,0.01804154935802
2026-01-06 17:52:35,0.01058201058201,0.07314102506422
2026-01-06 17:52:36,0.00000000000000,0.00000000000000
2026-01-06 17:52:37,0.01583113456464,0.11189810401238
2026-01-06 17:52:38,0.00533333333333,0.03678367298830
2026-01-06 17:52:39,0.00797872340426,0.05611788725835
2026-01-06 17:52:40,0.00268096514745,0.01911672680181
2026-01-06 17:52:41,0.00283286118980,0.02299818197390
2026-01-06 17:52:42,0.00546448087432,0.04005392956064
2026-01-06 17:52:43,0.00266666666667,0.01848342662895
2026-01-06 17:52:44,0.00000000000000,0.00000000000000
2026-01-06 17:52:45,0.00265251989390,0.01868809944168
2026-01-06 17:52:46,0.00000000000000,0.00000000000000
2026-01-06 17:52:47,0.00265251989390,0.01872135499510
2026-01-06 17:52:48,0.00537634408602,0.03783458180811
2026-01-06 17:52:49,0.00000000000000,0.00000000000000
2026-01-06 17:52:50,0.01108033240997,0.08216915924781
2026-01-06 17:52:51,0.01336898395722,0.09267606669127
2026-01-06 17:52:52,0.01351351351351,0.09625341909258
2026-01-06 17:52:53,0.00000000000000,0.00000000000000
2026-01-06 17:52:54,0.00793650793651,0.05547904752833
2026-01-06 17:52:55,0.00288184438040,0.02325767494191
2026-01-06 17:52:56,0.00536193029491,0.04025602477898
2026-01-06 17:52:57,0.00000000000000,0.00000000000000
2026-01-06 17:52:58,0.00000000000000,0.00000000000000
2026-01-06 17:52:59,0.00539083557951,0.04231074680803
2026-01-06 17:53:00,0.00000000000000,0.00000000000000
2026-01-06 17:53:01,0.00817438692098,0.06204351323908
2026-01-06 17:53:02,0.00268096514745,0.01867314607245
2026-01-06 17:53:03,0.00534759358289,0.03647546147197
2026-01-06 17:53:04,0.00265251989390,0.01797272358094
2026-01-06 17:53:05,0.00526315789474,0.03775900037952
2026-01-06 17:53:06,0.00000000000000,0.00000000000000
2026-01-06 17:53:07,0.00285714285714,0.02232990222747
2026-01-06 17:53:08,0.00530503978780,0.03676140294016
2026-01-06 17:53:09,0.00800000000000,0.05487981968713
2026-01-06 17:53:10,0.00531914893617,0.03677422579783
2026-01-06 17:53:11,0.00269541778976,0.01889774474603
2026-01-06 17:53:12,0.00800000000000,0.05637847153817
2026-01-06 17:53:13,0.01574803149606,0.10824929614811
2026-01-06 17:53:14,0.00000000000000,0.00000000000000
2026-01-06 17:53:15,0.00584795321637,0.04678708734347
2026-01-06 17:53:16,0.00271002710027,0.02129054885208
2026-01-06 17:53:17,0.00272479564033,0.02142748465387
2026-01-06 17:53:18,0.01891891891892,0.12828448258205
2026-01-06 17:53:19,0.00793650793651,0.05524255648000
2026-01-06 17:53:20,0.00000000000000,0.00000000000000
2026-01-06 17:53:21,0.00267379679144,0.01900466900621
2026-01-06 17:53:22,0.00536193029491,0.03772804366206
2026-01-06 17:53:23,0.00265957446809,0.01851691940391
2026-01-06 17:53:24,0.01078167115903,0.07588342111789
2026-01-06 17:53:25,0.00539083557951,0.04925563167898
2026-01-06 17:53:26,0.00546448087432,0.04629140859192
2026-01-06 17:53:27,0.00000000000000,0.00000000000000
2026-01-06 17:53:28,0.00273224043716,0.01958713566253
2026-01-06 17:53:29,0.00271739130435,0.01920279509694
2026-01-06 17:53:30,0.00000000000000,0.00000000000000
2026-01-06 17:53:31,0.00266666666667,0.01889046585881
2026-01-06 17:53:32,0.00000000000000,0.00000000000000
2026-01-06 17:53:33,0.00268817204301,0.01872579781554
2026-01-06 17:53:34,0.00000000000000,0.00000000000000
2026-01-06 17:53:35,0.00655737704918,0.05124430385416
2026-01-06 17:53:36,0.00276243093923,0.02354580499087
2026-01-06 17:53:37,0.00000000000000,0.00000000000000
2026-01-06 17:53:38,0.00269541778976,0.01919609450784
2026-01-06 17:53:39,0.00000000000000,0.00000000000000
2026-01-06 17:53:40,0.00000000000000,0.00000000000000
2026-01-06 17:53:41,0.00000000000000,0.00000000000000
2026-01-06 17:53:42,0.00544959128065,0.03963407981538
2026-01-06 17:53:43,0.00000000000000,0.00000000000000
2026-01-06 17:53:44,0.00263157894737,0.01804190540726
2026-01-06 17:53:45,0.01333333333333,0.09219230365342
2026-01-06 17:53:46,0.00000000000000,0.00000000000000
2026-01-06 17:53:47,0.00278551532033,0.02391454829233
2026-01-06 17:53:48,0.00000000000000,0.00000000000000
2026-01-06 17:53:49,0.00273224043716,0.02074477823751
2026-01-06 17:53:50,0.00000000000000,0.00000000000000
2026-01-06 17:53:51,0.00273972602740,0.02265679812962
2026-01-06 17:53:52,0.00000000000000,0.00000000000000
2026-01-06 17:53:53,0.00275482093664,0.02010060565343
2026-01-06 17:53:54,0.00000000000000,0.00000000000000
2026-01-06 17:53:55,0.00546448087432,0.04564842301445
2026-01-06 17:53:56,0.00266666666667,0.02268529947980
2026-01-06 17:53:57,0.00000000000000,0.00000000000000
2026-01-06 17:53:58,0.00000000000000,0.00000000000000
2026-01-06 17:53:59,0.00000000000000,0.00000000000000
2026-01-06 17:54:00,0.00563380281690,0.04160898579897
2026-01-06 17:54:01,0.00000000000000,0.00000000000000
2026-01-06 17:54:02,0.00277008310249,0.02254774633373
2026-01-06 17:54:03,0.00000000000000,0.00000000000000
2026-01-06 17:54:04,0.00270270270270,0.02089485362524
2026-01-06 17:54:05,0.00270270270270,0.02176350291382
2026-01-06 17:54:06,0.00276243093923,0.02276346002010
2026-01-06 17:54:07,0.00000000000000,0.00000000000000
2026-01-06 17:54:08,0.00263157894737,0.01818450335103
2026-01-06 17:54:09,0.00268817204301,0.01844743555665
2026-01-06 17:54:10,0.00265251989390,0.01983627019800
2026-01-06 17:54:11,0.00000000000000,0.00000000000000
2026-01-06 17:54:12,0.00000000000000,0.00000000000000
2026-01-06 17:54:13,0.00524934383202,0.03765454946370
2026-01-06 17:54:14,0.00000000000000,0.00000000000000
2026-01-06 17:54:15,0.00534759358289,0.04374262336884
2026-01-06 17:54:16,0.00000000000000,0.00000000000000
2026-01-06 17:54:17,0.00000000000000,0.00000000000000
2026-01-06 17:54:18,0.01326259946950,0.09344049720842
2026-01-06 17:54:19,0.01072386058981,0.07501308909175
2026-01-06 17:54:20,0.02144772117962,0.15002617818351
2026-01-06 17:54:21,0.00542005420054,0.03808533716778
2026-01-06 17:54:22,0.01344086021505,0.09458645452028
2026-01-06 17:54:23,0.00267379679144,0.01976919935365
2026-01-06 17:54:25,0.00277777777778,0.02014821986535
2026-01-06 17:54:26,0.02150537634409,0.15467121342418
2026-01-06 17:54:27,0.01617250673854,0.11215378753850
2026-01-06 17:54:28,0.01600000000000,0.10975963937427
2026-01-06 17:54:29,0.00791556728232,0.05496569340829
2026-01-06 17:54:30,0.00000000000000,0.00000000000000
2026-01-06 17:54:31,0.00550964187328,0.04221826808678
2026-01-06 17:54:32,0.00000000000000,0.00000000000000
2026-01-06 17:54:33,0.02122015915119,0.15349869448143
2026-01-06 17:54:34,0.00267379679144,0.01853521333825
2026-01-06 17:54:35,0.02139037433155,0.14590184588787
2026-01-06 17:54:36,0.02393617021277,0.16925492913539
2026-01-06 17:54:37,0.00280112044818,0.02358160242480
2026-01-06 17:54:38,0.00269541778976,0.01907258650317
2026-01-06 17:54:39,0.00269541778976,0.02004954621045
2026-01-06 17:54:40,0.00000000000000,0.00000000000000
2026-01-06 17:54:41,0.00000000000000,0.00000000000000
2026-01-06 17:54:42,0.00271739130435,0.02271087901868
2026-01-06 17:54:43,0.00000000000000,0.00000000000000
2026-01-06 17:54:44,0.00273972602740,0.02061768891780
2026-01-06 17:54:45,0.00536193029491,0.04175373319505
2026-01-06 17:54:46,0.00000000000000,0.00000000000000
2026-01-06 17:54:47,0.01604278074866,0.11121128002952
2026-01-06 17:54:48,0.00000000000000,0.00000000000000
2026-01-06 17:54:49,0.00270270270270,0.01887312730335
2026-01-06 17:54:50,0.02133333333333,0.14750768584546
2026-01-06 17:54:51,0.00271002710027,0.01904266858389
2026-01-06 17:54:52,0.00817438692098,0.05777336399388
2026-01-06 17:54:53,0.00268096514745,0.01882826844734
2026-01-06 17:54:54,0.00806451612903,0.05630002135157
2026-01-06 17:54:55,0.00555555555556,0.04306201253401
2026-01-06 17:54:56,0.00271002710027,0.02152031021352
2026-01-06 17:54:57,0.00000000000000,0.00000000000000
2026-01-06 17:54:58,0.00269541778976,0.02036857105163
2026-01-06 17:54:59,0.00000000000000,0.00000000000000
2026-01-06 17:55:00,0.00274725274725,0.02203533531928
2026-01-06 17:55:01,0.00819672131148,0.05841635144965
2026-01-06 17:55:02,0.01084010840108,0.07659243498524
2026-01-06 17:55:03,0.00000000000000,0.00000000000000
2026-01-06 17:55:04,0.01066666666667,0.07474468943360
2026-01-06 17:55:05,0.00533333333333,0.03721836620012
2026-01-06 17:55:06,0.00000000000000,0.00000000000000
2026-01-06 17:55:07,0.00271739130435,0.02147365094612
2026-01-06 17:55:08,0.00529100529101,0.03647824528815
2026-01-06 17:55:09,0.00000000000000,0.00000000000000
2026-01-06 17:55:10,0.00266666666667,0.01848342662895
2026-01-06 17:55:11,0.01608579088472,0.11274825154788
2026-01-06 17:55:12,0.00000000000000,0.00000000000000
2026-01-06 17:55:13,0.00269541778976,0.02115537340401
2026-01-06 17:55:14,0.00000000000000,0.00000000000000
2026-01-06 17:55:15,0.00847457627119,0.07238377432051
2026-01-06 17:55:16,0.00000000000000,0.00000000000000
2026-01-06 17:55:17,0.00278551532033,0.02316660883403
2026-01-06 17:55:18,0.00000000000000,0.00000000000000
2026-01-06 17:55:19,0.00273224043716,0.02094637860441
2026-01-06 17:55:20,0.00000000000000,0.00000000000000
2026-01-06 17:55:21,0.00273972602740,0.02245192336104
2026-01-06 17:55:22,0.00795755968170,0.05596155203657
2026-01-06 17:55:23,0.00000000000000,0.00000000000000
2026-01-06 17:55:24,0.00530503978780,0.03693082451730
2026-01-06 17:55:25,0.00536193029491,0.03750654454588
2026-01-06 17:55:26,0.02122015915119,0.14977083996082
2026-01-06 17:55:27,0.01891891891892,0.13365608485737
2026-01-06 17:55:28,0.01340482573727,0.09432010915515
2026-01-06 17:55:29,0.01066666666667,0.07503343985331
2026-01-06 17:55:30,0.00265251989390,0.01872135499510
2026-01-06 17:55:31,0.02139037433155,0.15295043551538
2026-01-06 17:55:32,0.00802139037433,0.05710239487707
2026-01-06 17:55:33,0.01608579088472,0.11296961068402
2026-01-06 17:55:34,0.00271002710027,0.01911400377665
2026-01-06 17:55:35,0.00537634408602,0.03776284805807
2026-01-06 17:55:36,0.00000000000000,0.00000000000000
2026-01-06 17:55:37,0.00265957446809,0.02041065278406
2026-01-06 17:55:38,0.00269541778976,0.02055881828586
2026-01-06 17:55:39,0.00273224043716,0.01969494323323
2026-01-06 17:55:40,0.00275482093664,0.02012638549213
2026-01-06 17:55:41,0.01861702127660,0.14025880739216
2026-01-06 17:55:42,0.01591511936340,0.11149270289326
2026-01-06 17:55:43,0.00000000000000,0.00000000000000
2026-01-06 17:55:44,0.01063829787234,0.07422904246710
2026-01-06 17:55:45,0.01061007957560,0.07369519050002
2026-01-06 17:55:46,0.00000000000000,0.00000000000000
2026-01-06 17:55:47,0.00269541778976,0.02248388824618
2026-01-06 17:55:48,0.00539083557951,0.03850739104828
2026-01-06 17:55:49,0.00542005420054,0.03777102996398
2026-01-06 17:55:50,0.00264550264550,0.01803659859217
2026-01-06 17:55:51,0.00000000000000,0.00000000000000
2026-01-06 17:55:52,0.00530503978780,0.03750735793494
2026-01-06 17:55:53,0.00000000000000,0.00000000000000
2026-01-06 17:55:54,0.00000000000000,0.00000000000000
2026-01-06 17:55:55,0.00537634408602,0.03776284805807
2026-01-06 17:55:56,0.00264550264550,0.01887856080678
2026-01-06 17:55:57,0.00539083557951,0.03814517300634
2026-01-06 17:55:58,0.00000000000000,0.00000000000000
2026-01-06 17:55:59,0.00000000000000,0.00000000000000
2026-01-06 17:56:00,0.00275482093664,0.02062141822335
2026-01-06 17:56:01,0.01591511936340,0.11232812997061
2026-01-06 17:56:02,0.01066666666667,0.07459325250995
2026-01-06 17:56:03,0.00265251989390,0.01861854511234
2026-01-06 17:56:04,0.00263157894737,0.01856608491825
2026-01-06 17:56:05,0.00268096514745,0.01899696316906
2026-01-06 17:56:06,0.00544959128065,0.03932866164092
2026-01-06 17:56:07,0.00000000000000,0.00000000000000
2026-01-06 17:56:08,0.00271002710027,0.02008624400779
2026-01-06 17:56:09,0.00000000000000,0.00000000000000
2026-01-06 17:56:10,0.00543478260870,0.03889445833476
2026-01-06 17:56:11,0.01333333333333,0.09445232929404
2026-01-06 17:56:12,0.00270270270270,0.01898862165019
2026-01-06 17:56:13,0.00000000000000,0.00000000000000
2026-01-06 17:56:14,0.05614973262032,0.39271361606230
2026-01-06 17:56:15,0.05026455026455,0.35207976853039
2026-01-06 17:56:16,0.00531914893617,0.03754735600346
2026-01-06 17:56:17,0.00000000000000,0.00000000000000
2026-01-06 17:56:18,0.00000000000000,0.00000000000000
2026-01-06 17:56:19,0.00531914893617,0.03734109161649
2026-01-06 17:56:20,0.00000000000000,0.00000000000000
2026-01-06 17:56:21,0.00000000000000,0.00000000000000
2026-01-06 17:56:22,0.00268096514745,0.01879137525798
2026-01-06 17:56:23,0.00000000000000,0.00000000000000
2026-01-06 17:56:24,0.01086956521739,0.07608322017894
2026-01-06 17:56:25,0.00268817204301,0.01884441298117
2026-01-06 17:56:26,0.00268096514745,0.01899696316906
2026-01-06 17:56:27,0.00531914893617,0.03785527180463
2026-01-06 17:56:28,0.01634877384196,0.11421027456319
2026-01-06 17:56:29,0.00268817204301,0.01859420985616
2026-01-06 17:56:30,0.00000000000000,0.00000000000000
2026-01-06 17:56:31,0.00265957446809,0.01874031844158
2026-01-06 17:56:32,0.02412868632708,0.17008832938763
2026-01-06 17:56:33,0.00264550264550,0.01828525626606
2026-01-06 17:56:34,0.00274725274725,0.02058892540748
2026-01-06 17:56:35,0.00547945205479,0.04117404632638
2026-01-06 17:56:36,0.00275482093664,0.02264500647570
2026-01-06 17:56:37,0.00000000000000,0.00000000000000
2026-01-06 17:56:38,0.00272479564033,0.02052352163526
2026-01-06 17:56:39,0.00000000000000,0.00000000000000
2026-01-06 17:56:40,0.00273224043716,0.01941088455830
2026-01-06 17:56:41,0.00000000000000,0.00000000000000
2026-01-06 17:56:42,0.00269541778976,0.01885939545161
2026-01-06 17:56:43,0.00789473684211,0.05481408543109
2026-01-06 17:56:44,0.00265957446809,0.01886838953535
2026-01-06 17:56:45,0.01066666666667,0.07459325250995
2026-01-06 17:56:46,0.01063829787234,0.07626078416487
2026-01-06 17:56:47,0.03485254691689,0.24428787835374
2026-01-06 17:56:48,0.01312335958005,0.09241020755576
2026-01-06 17:56:49,0.00264550264550,0.01803659859217
2026-01-06 17:56:50,0.00268817204301,0.02018791373061
2026-01-06 17:56:51,0.00000000000000,0.00000000000000
2026-01-06 17:56:52,0.00276243093923,0.02114055523828
2026-01-06 17:56:53,0.00275482093664,0.01999763788927
2026-01-06 17:56:54,0.00000000000000,0.00000000000000
2026-01-06 17:56:55,0.00543478260870,0.04526154143598
2026-01-06 17:56:56,0.00000000000000,0.00000000000000
2026-01-06 17:56:57,0.00276243093923,0.02114055523828
2026-01-06 17:56:58,0.00000000000000,0.00000000000000
2026-01-06 17:56:59,0.00000000000000,0.00000000000000
2026-01-06 17:57:00,0.00529100529101,0.03647824528815
2026-01-06 17:57:01,0.00542005420054,0.03777102996398
2026-01-06 17:57:02,0.01075268817204,0.07852940184446
2026-01-06 17:57:03,0.00000000000000,0.00000000000000
2026-01-06 17:57:04,0.00276243093923,0.02124697848203
2026-01-06 17:57:05,0.00275482093664,0.02285198315070
2026-01-06 17:57:06,0.00277008310249,0.02096880545744
2026-01-06 17:57:07,0.00268817204301,0.02233064114396
2026-01-06 17:57:08,0.00000000000000,0.00000000000000
2026-01-06 17:57:09,0.00000000000000,0.00000000000000
2026-01-06 17:57:10,0.00274725274725,0.02244506821477
2026-01-06 17:57:11,0.00000000000000,0.00000000000000
2026-01-06 17:57:12,0.00271002710027,0.02360874404500
2026-01-06 17:57:13,0.00000000000000,0.00000000000000
2026-01-06 17:57:14,0.00274725274725,0.02104298965385
2026-01-06 17:57:15,0.00279329608939,0.02239749561873
2026-01-06 17:57:16,0.00273224043716,0.02400848008115
2026-01-06 17:57:17,0.00000000000000,0.00000000000000
2026-01-06 17:57:18,0.00273972602740,0.01998330951378
2026-01-06 17:57:19,0.01336898395722,0.09586325660451
2026-01-06 17:57:20,0.02179836512262,0.15194788645233
2026-01-06 17:57:21,0.01871657754011,0.13005125527077
2026-01-06 17:57:22,0.00539083557951,0.03755748320754
2026-01-06 17:57:23,0.00000000000000,0.00000000000000
2026-01-06 17:57:24,0.00274725274725,0.02118461530928
2026-01-06 17:57:25,0.00274725274725,0.02265113194659
2026-01-06 17:57:26,0.00277777777778,0.02237255476857
2026-01-06 17:57:27,0.00540540540541,0.04005463326272
2026-01-06 17:57:28,0.00000000000000,0.00000000000000
2026-01-06 17:57:29,0.00271002710027,0.01987801763047
2026-01-06 17:57:30,0.00000000000000,0.00000000000000
2026-01-06 17:57:31,0.00273224043716,0.02274319587282
2026-01-06 17:57:32,0.01108033240997,0.08066898319874
2026-01-06 17:57:33,0.00000000000000,0.00000000000000
2026-01-06 17:57:34,0.00000000000000,0.00000000000000
2026-01-06 17:57:35,0.01866666666667,0.13345585843047
2026-01-06 17:57:36,0.03157894736842,0.22022857464300
2026-01-06 17:57:37,0.00547945205479,0.03996661902756
2026-01-06 17:57:38,0.00000000000000,0.00000000000000
2026-01-06 17:57:39,0.00268817204301,0.02056165944140
2026-01-06 17:57:40,0.00277008310249,0.02300827059806
2026-01-06 17:57:41,0.00000000000000,0.00000000000000
2026-01-06 17:57:42,0.00274725274725,0.02071186615445
2026-01-06 17:57:43,0.00000000000000,0.00000000000000
2026-01-06 17:57:44,0.00000000000000,0.00000000000000
2026-01-06 17:57:45,0.00555555555556,0.04566951917433
2026-01-06 17:57:46,0.00000000000000,0.00000000000000
2026-01-06 17:57:47,0.01066666666667,0.07459325250995
2026-01-06 17:57:48,0.00000000000000,0.00000000000000
2026-01-06 17:57:49,0.00259740259740,0.01810243857567
2026-01-06 17:57:50,0.01851851851852,0.13045315170240
2026-01-06 17:57:51,0.00817438692098,0.06185132992836
2026-01-06 17:57:52,0.00277777777778,0.02224782404841
2026-01-06 17:57:53,0.00271739130435,0.01986005795880
2026-01-06 17:57:54,0.00000000000000,0.00000000000000
2026-01-06 17:57:55,0.00268096514745,0.02310260641766
2026-01-06 17:57:56,0.00275482093664,0.02231386064709
2026-01-06 17:57:57,0.01355013550136,0.10070308739863
2026-01-06 17:57:58,0.00795755968170,0.05472518914696
2026-01-06 17:57:59,0.00268096514745,0.01871388733272
2026-01-06 17:58:00,0.00265957446809,0.01843192343849
2026-01-06 17:58:01,0.00000000000000,0.00000000000000
2026-01-06 17:58:02,0.00000000000000,0.00000000000000
2026-01-06 17:58:03,0.00536193029491,0.03805598785355
2026-01-06 17:58:04,0.00000000000000,0.00000000000000
2026-01-06 17:58:05,0.00537634408602,0.03761237432757
2026-01-06 17:58:06,0.00000000000000,0.00000000000000
2026-01-06 17:58:07,0.00267379679144,0.01873862917540
2026-01-06 17:58:08,0.00265957446809,0.01834065304551
2026-01-06 17:58:09,0.00000000000000,0.00000000000000
2026-01-06 17:58:10,0.00280898876404,0.02082710783276
2026-01-06 17:58:11,0.00272479564033,0.02034523287227
2026-01-06 17:58:12,0.00277008310249,0.02317485239719
2026-01-06 17:58:13,0.00000000000000,0.00000000000000
2026-01-06 17:58:14,0.00000000000000,0.00000000000000
2026-01-06 17:58:15,0.00540540540541,0.04267208450804
2026-01-06 17:58:16,0.00000000000000,0.00000000000000
2026-01-06 17:58:17,0.02452316076294,0.17202655056350
2026-01-06 17:58:18,0.01891891891892,0.12986148820278
2026-01-06 17:58:19,0.00533333333333,0.03668693913284
2026-01-06 17:58:20,0.00269541778976,0.02007702889474
2026-01-06 17:58:21,0.00000000000000,0.00000000000000
2026-01-06 17:58:22,0.00000000000000,0.00000000000000
2026-01-06 17:58:23,0.00533333333333,0.03751671992666
2026-01-06 17:58:24,0.00273972602740,0.01988144853721
2026-01-06 17:58:25,0.00268817204301,0.02076518747879
2026-01-06 17:58:26,0.00000000000000,0.00000000000000
2026-01-06 17:58:27,0.00810810810811,0.06943693944622
2026-01-06 17:58:28,0.00000000000000,0.00000000000000
2026-01-06 17:58:29,0.00000000000000,0.00000000000000
2026-01-06 17:58:30,0.00539083557951,0.04338527498623
2026-01-06 17:58:31,0.00000000000000,0.00000000000000
2026-01-06 17:58:32,0.00000000000000,0.00000000000000
2026-01-06 17:58:33,0.00266666666667,0.01898073743323
2026-01-06 17:58:34,0.00000000000000,0.00000000000000
2026-01-06 17:58:35,0.02150537634409,0.14946785570729
2026-01-06 17:58:36,0.00800000000000,0.05694221229970
2026-01-06 17:58:37,0.01621621621622,0.11370823787982
2026-01-06 17:58:38,0.00264550264550,0.01837270899789
2026-01-06 17:58:39,0.00269541778976,0.01877874160377
2026-01-06 17:58:40,0.00277008310249,0.02192933113889
2026-01-06 17:58:41,0.01630434782609,0.11870926502735
2026-01-06 17:58:42,0.00804289544236,0.05625981681882
2026-01-06 17:58:43,0.01861702127660,0.12615688883717
2026-01-06 17:58:44,0.02105263157895,0.14510954096078
2026-01-06 17:58:45,0.01351351351351,0.09436563651674
2026-01-06 17:58:46,0.00279329608939,0.02174774121902
2026-01-06 17:58:47,0.00275482093664,0.02090482911765
2026-01-06 17:58:48,0.01612903225806,0.11391518254598
2026-01-06 17:58:49,0.02144772117962,0.14630966434163
2026-01-06 17:58:50,0.01587301587302,0.11023625398734
2026-01-06 17:58:51,0.00271002710027,0.01990338740455
2026-01-06 17:58:52,0.00276243093923,0.02259677318492
2026-01-06 17:58:53,0.00810810810811,0.05747679309865
2026-01-06 17:58:54,0.00529100529101,0.03596206217731
2026-01-06 17:58:55,0.00534759358289,0.03732278245199
2026-01-06 17:58:56,0.00000000000000,0.00000000000000
2026-01-06 17:58:57,0.00534759358289,0.03806826325138
2026-01-06 17:58:58,0.00000000000000,0.00000000000000
2026-01-06 17:58:59,0.00540540540541,0.03838052682069
2026-01-06 17:59:00,0.00000000000000,0.00000000000000
2026-01-06 17:59:01,0.00275482093664,0.02093803696746
2026-01-06 17:59:02,0.00276243093923,0.02083941426808
2026-01-06 17:59:03,0.00000000000000,0.00000000000000
2026-01-06 17:59:04,0.00268096514745,0.01871388733272
2026-01-06 17:59:05,0.00268817204301,0.01884441298117
2026-01-06 17:59:06,0.01595744680851,0.10914318091446
2026-01-06 17:59:07,0.02910052910053,0.20606183063083
2026-01-06 17:59:08,0.00000000000000,0.00000000000000
2026-01-06 17:59:09,0.00263852242744,0.01851539012881
2026-01-06 17:59:10,0.02380952380952,0.16643714258500
2026-01-06 17:59:11,0.01604278074866,0.11347090206086
2026-01-06 17:59:12,0.00292397660819,0.02404359232152
2026-01-06 17:59:13,0.00270270270270,0.01933653092105
2026-01-06 17:59:14,0.00000000000000,0.00000000000000
2026-01-06 17:59:15,0.00557103064067,0.05055365707553
2026-01-06 17:59:16,0.00271002710027,0.02291179419361
2026-01-06 17:59:17,0.00000000000000,0.00000000000000
2026-01-06 17:59:18,0.00271002710027,0.01955173164147
2026-01-06 17:59:19,0.00000000000000,0.00000000000000
2026-01-06 17:59:20,0.00268817204301,0.01868348196341
2026-01-06 17:59:21,0.00265957446809,0.01886838953535
2026-01-06 17:59:22,0.00802139037433,0.05663756218654
2026-01-06 17:59:23,0.01856763925729,0.12896658337504
2026-01-06 17:59:24,0.00000000000000,0.00000000000000
2026-01-06 17:59:25,0.01092896174863,0.08000552900448
2026-01-06 17:59:26,0.00000000000000,0.00000000000000
2026-01-06 17:59:27,0.00817438692098,0.06021510264425
2026-01-06 17:59:28,0.01055408970976,0.07293897182414
2026-01-06 17:59:29,0.00000000000000,0.00000000000000
2026-01-06 17:59:30,0.00265251989390,0.01861854511234
2026-01-06 17:59:31,0.00265251989390,0.01878513105407
2026-01-06 17:59:32,0.00000000000000,0.00000000000000
2026-01-06 17:59:33,0.00265251989390,0.01884564888128
2026-01-06 17:59:34,0.00271002710027,0.01914810874631
2026-01-06 17:59:35,0.00534759358289,0.03647546147197
2026-01-06 17:59:36,0.00266666666667,0.01900945089731
2026-01-06 17:59:37,0.00000000000000,0.00000000000000
2026-01-06 17:59:38,0.00000000000000,0.00000000000000
2026-01-06 17:59:39,0.00268817204301,0.01908178437026
2026-01-06 17:59:40,0.00263157894737,0.01842814590723
2026-01-06 17:59:41,0.00000000000000,0.00000000000000
2026-01-06 17:59:42,0.00540540540541,0.04111327527645
2026-01-06 17:59:43,0.00271002710027,0.01990338740455
2026-01-06 17:59:44,0.00000000000000,0.00000000000000
2026-01-06 17:59:45,0.00527704485488,0.04410078402791
2026-01-06 17:59:46,0.00270270270270,0.02398665629880
2026-01-06 17:59:47,0.00000000000000,0.00000000000000
2026-01-06 17:59:48,0.00263157894737,0.01831256409260
2026-01-06 17:59:49,0.00263852242744,0.01844181193051
2026-01-06 17:59:50,0.00286532951289,0.02189118529530
2026-01-06 17:59:51,0.00274725274725,0.02047125988466
2026-01-06 17:59:52,0.00273972602740,0.01955796444571
2026-01-06 17:59:53,0.00808625336927,0.05620885009310
2026-01-06 17:59:54,0.01344086021505,0.09223717778324
2026-01-06 17:59:55,0.00804289544236,0.05576185766435
2026-01-06 17:59:56,0.00263157894737,0.02397883142860
2026-01-06 17:59:57,0.00000000000000,0.00000000000000
2026-01-06 17:59:58,0.00000000000000,0.00000000000000
2026-01-06 17:59:59,0.00000000000000,0.00000000000000
2026-01-06 18:00:00,0.00564971751412,0.04531985026473
2026-01-06 18:00:01,0.00000000000000,0.00000000000000
2026-01-06 18:00:02,0.00802139037433,0.05598417367798
2026-01-06 18:00:03,0.00266666666667,0.01868617235840
2026-01-06 18:00:04,0.00000000000000,0.00000000000000
2026-01-06 18:00:05,0.00806451612903,0.05675187271217
2026-01-06 18:00:06,0.00270270270270,0.02129808403562
2026-01-06 18:00:07,0.00000000000000,0.00000000000000
2026-01-06 18:00:08,0.00270270270270,0.01987104870734
2026-01-06 18:00:09,0.00000000000000,0.00000000000000
2026-01-06 18:00:10,0.00276243093923,0.02201860653551
2026-01-06 18:00:11,0.00000000000000,0.00000000000000
2026-01-06 18:00:12,0.00269541778976,0.02322070974909
2026-01-06 18:00:13,0.00000000000000,0.00000000000000
2026-01-06 18:00:14,0.00267379679144,0.02194939821357
2026-01-06 18:00:15,0.00269541778976,0.02318255275387
2026-01-06 18:00:16,0.01078167115903,0.07602302700417
2026-01-06 18:00:17,0.00268817204301,0.01891729090406
2026-01-06 18:00:18,0.00000000000000,0.00000000000000
2026-01-06 18:00:19,0.03743315508021,0.26335463905287
2026-01-06 18:00:20,0.00263157894737,0.01839088518131
2026-01-06 18:00:21,0.00265957446809,0.01859626415997
2026-01-06 18:00:22,0.00268096514745,0.01896511125376
2026-01-06 18:00:23,0.00000000000000,0.00000000000000
2026-01-06 18:00:24,0.00271002710027,0.01930557816464
2026-01-06 18:00:25,0.00534759358289,0.03839786667328
2026-01-06 18:00:26,0.00271739130435,0.01902080504473
2026-01-06 18:00:27,0.02139037433155,0.15048836517307
2026-01-06 18:00:28,0.03733333333333,0.25813845022956
2026-01-06 18:00:29,0.00542005420054,0.03777102996398
2026-01-06 18:00:30,0.01308900523560,0.09231982316973
2026-01-06 18:00:31,0.01069518716578,0.07524418258654
2026-01-06 18:00:32,0.00000000000000,0.00000000000000
2026-01-06 18:00:33,0.00267379679144,0.01866139122599
2026-01-06 18:00:34,0.00000000000000,0.00000000000000
2026-01-06 18:00:35,0.02144772117962,0.15091217464825
2026-01-06 18:00:36,0.00266666666667,0.02361720782497
2026-01-06 18:00:37,0.00000000000000,0.00000000000000
2026-01-06 18:00:38,0.00271739130435,0.01988523287678
2026-01-06 18:00:39,0.00271739130435,0.01975984593998
2026-01-06 18:00:40,0.00000000000000,0.00000000000000
2026-01-06 18:00:41,0.00000000000000,0.00000000000000
2026-01-06 18:00:42,0.00266666666667,0.02180001133570
2026-01-06 18:00:43,0.00000000000000,0.00000000000000
2026-01-06 18:00:44,0.00267379679144,0.02070623944423
2026-01-06 18:00:45,0.00549450549451,0.04835140080496
2026-01-06 18:00:46,0.00275482093664,0.02390404592549
2026-01-06 18:00:47,0.00000000000000,0.00000000000000
2026-01-06 18:00:48,0.00265251989390,0.01945101697863
2026-01-06 18:00:49,0.00000000000000,0.00000000000000
2026-01-06 18:00:50,0.00262467191601,0.01830185274635
2026-01-06 18:00:51,0.01871657754011,0.13062973858196
2026-01-06 18:00:52,0.00265957446809,0.01855726061678
2026-01-06 18:00:53,0.00529100529101,0.03706102826636
2026-01-06 18:00:54,0.00270270270270,0.02046126704523
2026-01-06 18:00:55,0.00857142857143,0.06891771822013
2026-01-06 18:00:56,0.00268817204301,0.02189694855332
2026-01-06 18:00:57,0.00000000000000,0.00000000000000
2026-01-06 18:00:58,0.00275482093664,0.02071281155881
2026-01-06 18:00:59,0.00000000000000,0.00000000000000
2026-01-06 18:01:00,0.00272479564033,0.02373226375478
2026-01-06 18:01:01,0.00000000000000,0.00000000000000
2026-01-06 18:01:02,0.00000000000000,0.00000000000000
2026-01-06 18:01:03,0.00264550264550,0.01934800591680
2026-01-06 18:01:04,0.00000000000000,0.00000000000000
2026-01-06 18:01:05,0.00540540540541,0.04193195285690
2026-01-06 18:01:06,0.00266666666667,0.01860918310006
2026-01-06 18:01:07,0.00000000000000,0.00000000000000
2026-01-06 18:01:08,0.00000000000000,0.00000000000000
2026-01-06 18:01:09,0.01049868766404,0.07304866004832
2026-01-06 18:01:10,0.00802139037433,0.05598417367798
2026-01-06 18:01:11,0.00262467191601,0.01844821590031
2026-01-06 18:01:12,0.02933333333333,0.20554789594240
2026-01-06 18:01:13,0.00265957446809,0.01859626415997
2026-01-06 18:01:14,0.00000000000000,0.00000000000000
2026-01-06 18:01:15,0.00797872340426,0.05601163742473
2026-01-06 18:01:16,0.00275482093664,0.02346491337305
2026-01-06 18:01:17,0.00000000000000,0.00000000000000
2026-01-06 18:01:18,0.00271739130435,0.02031327190678
2026-01-06 18:01:19,0.00000000000000,0.00000000000000
2026-01-06 18:01:20,0.00274725274725,0.02084025600532
2026-01-06 18:01:21,0.00270270270270,0.02434036232939
2026-01-06 18:01:22,0.00000000000000,0.00000000000000
2026-01-06 18:01:23,0.00542005420054,0.03940595894265
2026-01-06 18:01:24,0.00544959128065,0.04324224607514
2026-01-06 18:01:25,0.00000000000000,0.00000000000000
2026-01-06 18:01:26,0.02179836512262,0.15406230398368
2026-01-06 18:01:27,0.02964959568733,0.20906332426147
2026-01-06 18:01:28,0.00261780104712,0.01828985431213
2026-01-06 18:01:29,0.02717391304348,0.19168581070537
2026-01-06 18:01:30,0.00263157894737,0.01880109005800
2026-01-06 18:01:31,0.00308641975309,0.02706205787689
2026-01-06 18:01:32,0.00281690140845,0.02104084209401
2026-01-06 18:01:33,0.00272479564033,0.01925778799796
2026-01-06 18:01:34,0.00000000000000,0.00000000000000
2026-01-06 18:01:35,0.03743315508021,0.26285567186325
2026-01-06 18:01:36,0.00266666666667,0.01875835996333
2026-01-06 18:01:37,0.00000000000000,0.00000000000000
2026-01-06 18:01:38,0.00266666666667,0.01868617235840
2026-01-06 18:01:39,0.00278551532033,0.02033937317190
2026-01-06 18:01:40,0.00564971751412,0.04531985026473
2026-01-06 18:01:41,0.00817438692098,0.06061548697903
2026-01-06 18:01:42,0.00000000000000,0.00000000000000
2026-01-06 18:01:43,0.02933333333333,0.20513144440237
2026-01-06 18:01:44,0.00269541778976,0.01885939545161
2026-01-06 18:01:45,0.00265957446809,0.01870596241945
2026-01-06 18:01:46,0.00804289544236,0.05821549753105
2026-01-06 18:01:47,0.00275482093664,0.02107425153904
2026-01-06 18:01:48,0.00273972602740,0.01964369096982
2026-01-06 18:01:49,0.00000000000000,0.00000000000000
2026-01-06 18:01:50,0.00273972602740,0.01998330951378
2026-01-06 18:01:51,0.00821917808219,0.05743353793286
2026-01-06 18:01:52,0.00804289544236,0.05548515393930
2026-01-06 18:01:53,0.01072386058981,0.07516550103192
2026-01-06 18:01:54,0.01583113456464,0.10967455280954
2026-01-06 18:01:55,0.00271002710027,0.02085492648585
2026-01-06 18:01:56,0.00274725274725,0.02183387404080
2026-01-06 18:01:57,0.00813008130081,0.06093199834791
2026-01-06 18:01:58,0.01072386058981,0.07416802752293
2026-01-06 18:01:59,0.00000000000000,0.00000000000000
2026-01-06 18:02:00,0.02162162162162,0.15657422235841
2026-01-06 18:02:01,0.00000000000000,0.00000000000000
2026-01-06 18:02:02,0.00268817204301,0.02007345377521
2026-01-06 18:02:03,0.00262467191601,0.01851488695817
2026-01-06 18:02:04,0.00265957446809,0.01824244876752
2026-01-06 18:02:05,0.00000000000000,0.00000000000000
2026-01-06 18:02:06,0.00531914893617,0.03741192483890
2026-01-06 18:02:07,0.00000000000000,0.00000000000000
2026-01-06 18:02:09,0.00269541778976,0.02079491943063
2026-01-06 18:02:10,0.00000000000000,0.00000000000000
2026-01-06 18:02:11,0.00273972602740,0.02160510203317
2026-01-06 18:02:12,0.00267379679144,0.02152133938163
2026-01-06 18:02:13,0.00000000000000,0.00000000000000
2026-01-06 18:02:14,0.00543478260870,0.03982100976809
2026-01-06 18:02:15,0.00000000000000,0.00000000000000
2026-01-06 18:02:16,0.00277777777778,0.02467940250236
2026-01-06 18:02:17,0.00000000000000,0.00000000000000
2026-01-06 18:02:18,0.00267379679144,0.02081179218779
2026-01-06 18:02:19,0.00000000000000,0.00000000000000
2026-01-06 18:02:20,0.00271002710027,0.02368527302193
2026-01-06 18:02:21,0.00539083557951,0.04067598088807
2026-01-06 18:02:22,0.00265957446809,0.01829246030483
2026-01-06 18:02:23,0.00000000000000,0.00000000000000
2026-01-06 18:02:24,0.00793650793651,0.05547904752833
2026-01-06 18:02:25,0.02133333333333,0.15112372687046
2026-01-06 18:02:26,0.00273224043716,0.02326504022743
2026-01-06 18:02:27,0.00000000000000,0.00000000000000
2026-01-06 18:02:28,0.00810810810811,0.05841055635078
2026-01-06 18:02:29,0.00262467191601,0.01911525887946
2026-01-06 18:02:30,0.00000000000000,0.00000000000000
2026-01-06 18:02:31,0.00268817204301,0.02333164496645
2026-01-06 18:02:32,0.00000000000000,0.00000000000000
2026-01-06 18:02:33,0.00272479564033,0.02068117107969
2026-01-06 18:02:34,0.00000000000000,0.00000000000000
2026-01-06 18:02:35,0.01866666666667,0.12998096448426
2026-01-06 18:02:36,0.00269541778976,0.01864670257898
2026-01-06 18:02:37,0.00267379679144,0.01891181701014
2026-01-06 18:02:38,0.00000000000000,0.00000000000000
2026-01-06 18:02:39,0.00266666666667,0.01860918310006
2026-01-06 18:02:40,0.00000000000000,0.00000000000000
2026-01-06 18:02:41,0.00273224043716,0.02026515987736
2026-01-06 18:02:42,0.00271739130435,0.02287037340305
2026-01-06 18:02:43,0.00268096514745,0.02049894629788
2026-01-06 18:02:44,0.00000000000000,0.00000000000000
2026-01-06 18:02:45,0.00274725274725,0.02382154960504
2026-01-06 18:02:46,0.00271002710027,0.02310753296531
2026-01-06 18:02:47,0.00000000000000,0.00000000000000
2026-01-06 18:02:48,0.00271002710027,0.02025276959911
2026-01-06 18:02:49,0.00268096514745,0.01950311448315
2026-01-06 18:02:50,0.00000000000000,0.00000000000000
2026-01-06 18:02:51,0.00000000000000,0.00000000000000
2026-01-06 18:02:52,0.00269541778976,0.01910464222307
2026-01-06 18:02:53,0.00000000000000,0.00000000000000
2026-01-06 18:02:54,0.00539083557951,0.03850739104828
2026-01-06 18:02:55,0.00273972602740,0.02405264766717
2026-01-06 18:02:56,0.00000000000000,0.00000000000000
2026-01-06 18:02:57,0.00272479564033,0.02266667361282
2026-01-06 18:02:58,0.00000000000000,0.00000000000000
2026-01-06 18:02:59,0.00540540540541,0.04021740637398
2026-01-06 18:03:00,0.00000000000000,0.00000000000000
2026-01-06 18:03:01,0.00000000000000,0.00000000000000
2026-01-06 18:03:02,0.00267379679144,0.02291237561807
2026-01-06 18:03:03,0.00000000000000,0.00000000000000
2026-01-06 18:03:04,0.00266666666667,0.01852681621261
2026-01-06 18:03:05,0.01818181818182,0.12615913454198
2026-01-06 18:03:06,0.01617250673854,0.11443551901902
2026-01-06 18:03:07,0.00783289817232,0.05460483005969
2026-01-06 18:03:08,0.01072386058981,0.07434914355247
2026-01-06 18:03:09,0.00000000000000,0.00000000000000
2026-01-06 18:03:10,0.00000000000000,0.00000000000000
2026-01-06 18:03:11,0.00271002710027,0.01924495699725
2026-01-06 18:03:12,0.00270270270270,0.02438078028151
2026-01-06 18:03:13,0.00273224043716,0.02081067048438
2026-01-06 18:03:14,0.00000000000000,0.00000000000000
2026-01-06 18:03:15,0.00542005420054,0.04296316794865
2026-01-06 18:03:16,0.00000000000000,0.00000000000000
2026-01-06 18:03:17,0.00270270270270,0.02333765965674
2026-01-06 18:03:18,0.00267379679144,0.02003982801180
2026-01-06 18:03:19,0.00000000000000,0.00000000000000
2026-01-06 18:03:20,0.00271002710027,0.02046101574406
2026-01-06 18:03:21,0.00000000000000,0.00000000000000
2026-01-06 18:03:22,0.01086956521739,0.07767591827484
2026-01-06 18:03:23,0.00795755968170,0.05616406498531
2026-01-06 18:03:24,0.00268096514745,0.01879137525798
2026-01-06 18:03:25,0.00536193029491,0.03765653689467
2026-01-06 18:03:26,0.00266666666667,0.01889046585881
2026-01-06 18:03:27,0.00589970501475,0.04992951854781
2026-01-06 18:03:28,0.00537634408602,0.03866780335604
2026-01-06 18:03:29,0.00266666666667,0.01839183649415
2026-01-06 18:03:30,0.00000000000000,0.00000000000000
2026-01-06 18:03:31,0.00273224043716,0.01934656300488
2026-01-06 18:03:32,0.00000000000000,0.00000000000000
2026-01-06 18:03:33,0.02577319587629,0.17603943430274
2026-01-06 18:03:34,0.00795755968170,0.05662447391859
2026-01-06 18:03:35,0.00546448087432,0.03979973274503
2026-01-06 18:03:36,0.00277008310249,0.02374894578080
2026-01-06 18:03:37,0.00268096514745,0.02374091794118
2026-01-06 18:03:38,0.00000000000000,0.00000000000000
2026-01-06 18:03:39,0.00000000000000,0.00000000000000
2026-01-06 18:03:40,0.00274725274725,0.02421514157141
2026-01-06 18:03:41,0.00000000000000,0.00000000000000
2026-01-06 18:03:42,0.00268817204301,0.02333164496645
2026-01-06 18:03:43,0.00271002710027,0.02065222922086
2026-01-06 18:03:44,0.00000000000000,0.00000000000000
2026-01-06 18:03:45,0.00271739130435,0.02310748996791
2026-01-06 18:03:46,0.00268096514745,0.01867314607245
2026-01-06 18:03:47,0.01336898395722,0.09387702566545
2026-01-06 18:03:48,0.01574803149606,0.10853330839578
2026-01-06 18:03:49,0.01086956521739,0.07623811479529
2026-01-06 18:03:50,0.00267379679144,0.01944771798482
2026-01-06 18:03:51,0.00000000000000,0.00000000000000
2026-01-06 18:03:52,0.00273224043716,0.02385285575174
2026-01-06 18:03:53,0.00268096514745,0.01914503098781
2026-01-06 18:03:54,0.00268096514745,0.01905826124069
2026-01-06 18:03:55,0.00265251989390,0.01858211714888
2026-01-06 18:03:56,0.00265251989390,0.01858211714888
2026-01-06 18:03:57,0.00259067357513,0.01788869222324
2026-01-06 18:03:58,0.00265957446809,0.01851691940391
2026-01-06 18:03:59,0.00265957446809,0.01834065304551
2026-01-06 18:04:00,0.00000000000000,0.00000000000000
2026-01-06 18:04:01,0.00286532951289,0.02336433305118
2026-01-06 18:04:02,0.00000000000000,0.00000000000000
2026-01-06 18:04:03,0.01058201058201,0.07381705340391
2026-01-06 18:04:04,0.01578947368421,0.10825143244356
2026-01-06 18:04:05,0.01600000000000,0.11188987876493
2026-01-06 18:04:06,0.01326259946950,0.09407884524876
2026-01-06 18:04:07,0.01842105263158,0.12760090207399
2026-01-06 18:04:08,0.00268817204301,0.01880618716378
2026-01-06 18:04:09,0.00802139037433,0.05621588752621
2026-01-06 18:04:10,0.00000000000000,0.00000000000000
2026-01-06 18:04:11,0.00271739130435,0.02259064006479
2026-01-06 18:04:12,0.00546448087432,0.04104942951695
2026-01-06 18:04:13,0.00813008130081,0.05652830933890
2026-01-06 18:04:14,0.00264550264550,0.01828525626606
2026-01-06 18:04:15,0.00268096514745,0.01854200688073
2026-01-06 18:04:16,0.02412868632708,0.17008832938763
2026-01-06 18:04:17,0.00273224043716,0.02094637860441
2026-01-06 18:04:18,0.00000000000000,0.00000000000000
2026-01-06 18:04:19,0.00540540540541,0.04207628904813
2026-01-06 18:04:20,0.00000000000000,0.00000000000000
2026-01-06 18:04:21,0.00280898876404,0.02433240692903
2026-01-06 18:04:22,0.00000000000000,0.00000000000000
2026-01-06 18:04:23,0.00274725274725,0.02022340004428
2026-01-06 18:04:24,0.00273972602740,0.02148905439311
2026-01-06 18:04:25,0.00277008310249,0.02580331431984
2026-01-06 18:04:26,0.00271739130435,0.02206702070832
2026-01-06 18:04:27,0.01340482573727,0.09197882157407
2026-01-06 18:04:28,0.02150537634409,0.14757948445319
2026-01-06 18:04:29,0.00000000000000,0.00000000000000
2026-01-06 18:04:30,0.00261096605744,0.01838067188912
2026-01-06 18:04:31,0.00271002710027,0.01936357650584
2026-01-06 18:04:32,0.02374670184697,0.16663851115933
2026-01-06 18:04:33,0.00000000000000,0.00000000000000
2026-01-06 18:04:34,0.00263157894737,0.01831256409260
2026-01-06 18:04:35,0.00533333333333,0.03790274227393
2026-01-06 18:04:36,0.00000000000000,0.00000000000000
2026-01-06 18:04:37,0.00268817204301,0.02021730657304
2026-01-06 18:04:38,0.00273972602740,0.01964369096982
2026-01-06 18:04:39,0.00272479564033,0.01944579401718
2026-01-06 18:04:40,0.00000000000000,0.00000000000000
2026-01-06 18:04:41,0.00268817204301,0.01908178437026
2026-01-06 18:04:42,0.00810810810811,0.05747679309865
2026-01-06 18:04:43,0.00263852242744,0.01840318401654
2026-01-06 18:04:44,0.00000000000000,0.00000000000000
2026-01-06 18:04:45,0.00833333333333,0.06164394065855
2026-01-06 18:04:46,0.00269541778976,0.02002234311748
2026-01-06 18:04:47,0.00000000000000,0.00000000000000
2026-01-06 18:04:48,0.00268096514745,0.01882826844734
2026-01-06 18:04:49,0.00000000000000,0.00000000000000
2026-01-06 18:04:50,0.00312500000000,0.02708356097009
2026-01-06 18:04:52,0.00000000000000,0.00000000000000
2026-01-06 18:04:53,0.00000000000000,0.00000000000000
2026-01-06 18:04:54,0.00534759358289,0.03904088709705
2026-01-06 18:04:55,0.00000000000000,0.00000000000000
2026-01-06 18:04:56,0.00271002710027,0.02353215127152
2026-01-06 18:04:57,0.00000000000000,0.00000000000000
2026-01-06 18:04:58,0.00536193029491,0.04099789259575
2026-01-06 18:04:59,0.00000000000000,0.00000000000000
2026-01-06 18:05:00,0.00000000000000,0.00000000000000
2026-01-06 18:05:01,0.00273224043716,0.02314570429596
2026-01-06 18:05:02,0.00000000000000,0.00000000000000
2026-01-06 18:05:03,0.00268096514745,0.01849505131310
2026-01-06 18:05:04,0.00793650793651,0.05442489194642
2026-01-06 18:05:05,0.00264550264550,0.01828525626606
2026-01-06 18:05:06,0.00533333333333,0.03751671992666
2026-01-06 18:05:07,0.00000000000000,0.00000000000000
2026-01-06 18:05:08,0.00266666666667,0.01944084120679
2026-01-06 18:05:09,0.00000000000000,0.00000000000000
2026-01-06 18:05:10,0.00000000000000,0.00000000000000
2026-01-06 18:05:11,0.00273224043716,0.02389174548749
2026-01-06 18:05:12,0.00000000000000,0.00000000000000
2026-01-06 18:05:13,0.00546448087432,0.03938988646646
2026-01-06 18:05:14,0.00000000000000,0.00000000000000
2026-01-06 18:05:15,0.00533333333333,0.03687692146137
2026-01-06 18:05:16,0.00264550264550,0.01845426335098
2026-01-06 18:05:17,0.00000000000000,0.00000000000000
2026-01-06 18:05:18,0.00271002710027,0.02203428858073
2026-01-06 18:05:19,0.00000000000000,0.00000000000000
2026-01-06 18:05:20,0.00276243093923,0.02114055523828
2026-01-06 18:05:21,0.00555555555556,0.04566951917433
2026-01-06 18:05:22,0.00000000000000,0.00000000000000
2026-01-06 18:05:23,0.00000000000000,0.00000000000000
2026-01-06 18:05:24,0.00526315789474,0.03627738524019
2026-01-06 18:05:25,0.01084010840108,0.07659243498524
2026-01-06 18:05:26,0.00275482093664,0.02194601337015
2026-01-06 18:05:27,0.00000000000000,0.00000000000000
2026-01-06 18:05:28,0.00828729281768,0.06384926162981
2026-01-06 18:05:29,0.00263852242744,0.01840318401654
2026-01-06 18:05:30,0.00268096514745,0.01933030901125
2026-01-06 18:05:31,0.00262467191601,0.01844821590031
2026-01-06 18:05:32,0.00267379679144,0.01849009128596
2026-01-06 18:05:33,0.00268096514745,0.01882826844734
2026-01-06 18:05:34,0.00260416666667,0.01794106364500
2026-01-06 18:05:35,0.00800000000000,0.05582754930018
2026-01-06 18:05:36,0.00000000000000,0.00000000000000
2026-01-06 18:05:37,0.00277777777778,0.02153100626701
2026-01-06 18:05:38,0.00000000000000,0.00000000000000
2026-01-06 18:05:39,0.00273972602740,0.02061768891780
2026-01-06 18:05:40,0.00273972602740,0.02373959035257
2026-01-06 18:05:41,0.00000000000000,0.00000000000000
2026-01-06 18:05:42,0.00270270270270,0.01905972983749
2026-01-06 18:05:43,0.00795755968170,0.05425940872925
2026-01-06 18:05:44,0.00268817204301,0.01844743555665
2026-01-06 18:05:45,0.00524934383202,0.03617776946526
2026-01-06 18:05:46,0.00264550264550,0.01870153999125
2026-01-06 18:05:47,0.00263852242744,0.01855047538845
2026-01-06 18:05:48,0.00791556728232,0.05532543579152
2026-01-06 18:05:49,0.01621621621622,0.11347739734701
2026-01-06 18:05:50,0.01052631578947,0.07487243566997
2026-01-06 18:05:51,0.00000000000000,0.00000000000000
2026-01-06 18:05:52,0.00281690140845,0.02232965034437
2026-01-06 18:05:53,0.00564971751412,0.04167909375438
2026-01-06 18:05:54,0.00000000000000,0.00000000000000
2026-01-06 18:05:55,0.00789473684211,0.05381300234289
2026-01-06 18:05:56,0.00537634408602,0.03776284805807
2026-01-06 18:05:57,0.01591511936340,0.11149270289326
2026-01-06 18:05:58,0.01604278074866,0.11094054771579
2026-01-06 18:05:59,0.00259067357513,0.01823064234979
2026-01-06 18:06:00,0.00000000000000,0.00000000000000
2026-01-06 18:06:01,0.00564971751412,0.04431224587771
2026-01-06 18:06:02,0.00000000000000,0.00000000000000
2026-01-06 18:06:03,0.00272479564033,0.02166036280009
2026-01-06 18:06:04,0.00000000000000,0.00000000000000
2026-01-06 18:06:05,0.00534759358289,0.04649917558843
2026-01-06 18:06:06,0.00267379679144,0.02354775963247
2026-01-06 18:06:07,0.00000000000000,0.00000000000000
2026-01-06 18:06:08,0.00000000000000,0.00000000000000
2026-01-06 18:06:09,0.00270270270270,0.02082483059201
2026-01-06 18:06:10,0.00000000000000,0.00000000000000
2026-01-06 18:06:11,0.00273972602740,0.02318455223288
2026-01-06 18:06:12,0.02666666666667,0.18758359963329
2026-01-06 18:06:13,0.01319261213720,0.09220905965253
2026-01-06 18:06:14,0.01591511936340,0.11192310407313
2026-01-06 18:06:15,0.00815217391304,0.05958017387639
2026-01-06 18:06:16,0.00268817204301,0.02425035156821
2026-01-06 18:06:17,0.00273972602740,0.02432809912675
2026-01-06 18:06:18,0.00273972602740,0.02000879271704
2026-01-06 18:06:19,0.00000000000000,0.00000000000000
2026-01-06 18:06:20,0.00268096514745,0.01858728588812
2026-01-06 18:06:21,0.00264550264550,0.01849301584278
2026-01-06 18:06:22,0.00000000000000,0.00000000000000
2026-01-06 18:06:23,0.00789473684211,0.05455351005310
2026-01-06 18:06:24,0.01344086021505,0.09362898907769
2026-01-06 18:06:25,0.00539083557951,0.03827174674205
2026-01-06 18:06:26,0.00272479564033,0.01941629222776
2026-01-06 18:06:27,0.00802139037433,0.05673545103043
2026-01-06 18:06:28,0.01058201058201,0.07365674197333
2026-01-06 18:06:29,0.00264550264550,0.01860202243057
2026-01-06 18:06:30,0.00265251989390,0.01878513105407
2026-01-06 18:06:31,0.00000000000000,0.00000000000000
2026-01-06 18:06:32,0.00269541778976,0.01913587337103
2026-01-06 18:06:33,0.00000000000000,0.00000000000000
2026-01-06 18:06:34,0.01061007957560,0.07334418199825
2026-01-06 18:06:35,0.00270270270270,0.01909372640820
2026-01-06 18:06:36,0.00000000000000,0.00000000000000
2026-01-06 18:06:37,0.01939058171745,0.15129685752220
2026-01-06 18:06:38,0.00000000000000,0.00000000000000
2026-01-06 18:06:39,0.00266666666667,0.01868617235840
2026-01-06 18:06:40,0.00000000000000,0.00000000000000
2026-01-06 18:06:41,0.00269541778976,0.01922519588188
2026-01-06 18:06:42,0.01604278074866,0.11384699751990
2026-01-06 18:06:43,0.00810810810811,0.05757079023104
2026-01-06 18:06:44,0.00267379679144,0.01866139122599
2026-01-06 18:06:45,0.00266666666667,0.01889046585881
2026-01-06 18:06:46,0.00262467191601,0.01866643531275
2026-01-06 18:06:47,0.00263852242744,0.01864968400206
2026-01-06 18:06:48,0.01600000000000,0.11211703415040
2026-01-06 18:06:49,0.00265251989390,0.01854449916293
2026-01-06 18:06:50,0.00000000000000,0.00000000000000
2026-01-06 18:06:51,0.01061007957560,0.07461540271542
2026-01-06 18:06:52,0.00000000000000,0.00000000000000
2026-01-06 18:06:53,0.00266666666667,0.01872283170518
2026-01-06 18:06:54,0.00263852242744,0.01818877119420
2026-01-06 18:06:55,0.00268096514745,0.01893237850798
2026-01-06 18:06:56,0.00000000000000,0.00000000000000
2026-01-06 18:06:57,0.00566572237960,0.04884925421199
2026-01-06 18:06:58,0.00000000000000,0.00000000000000
2026-01-06 18:06:59,0.00263852242744,0.01781442056047
2026-01-06 18:07:00,0.00529100529101,0.03706102826636
2026-01-06 18:07:01,0.00269541778976,0.01933608449149
2026-01-06 18:07:02,0.00273972602740,0.02249291808421
2026-01-06 18:07:03,0.00266666666667,0.01939263377020
2026-01-06 18:07:04,0.00272479564033,0.01860058222100
2026-01-06 18:07:05,0.00000000000000,0.00000000000000
2026-01-06 18:07:06,0.00279329608939,0.01980131306113
2026-01-06 18:07:07,0.02688172043011,0.19141807702290
2026-01-06 18:07:08,0.01591511936340,0.11232812997061
2026-01-06 18:07:09,0.00000000000000,0.00000000000000
2026-01-06 18:07:10,0.01066666666667,0.07375384292273
2026-01-06 18:07:11,0.01336898395722,0.09586325660451
2026-01-06 18:07:12,0.02617801047120,0.18526757486568
2026-01-06 18:07:13,0.00264550264550,0.01837270899789
2026-01-06 18:07:14,0.00000000000000,0.00000000000000
2026-01-06 18:07:15,0.00264550264550,0.01863616452891
2026-01-06 18:07:16,0.00544959128065,0.04169417350391
2026-01-06 18:07:17,0.00000000000000,0.00000000000000
2026-01-06 18:07:18,0.00272479564033,0.01994313805315
2026-01-06 18:07:19,0.00000000000000,0.00000000000000
2026-01-06 18:07:20,0.00271739130435,0.02349688009487
2026-01-06 18:07:21,0.00271002710027,0.02360874404500
2026-01-06 18:07:22,0.00000000000000,0.00000000000000
2026-01-06 18:07:23,0.00268817204301,0.01960781674927
2026-01-06 18:07:24,0.00262467191601,0.01794149382290
2026-01-06 18:07:25,0.00266666666667,0.01834346956642
2026-01-06 18:07:26,0.00000000000000,0.00000000000000
2026-01-06 18:07:27,0.00269541778976,0.01949093294849
2026-01-06 18:07:28,0.00819672131148,0.06392023426844
2026-01-06 18:07:29,0.00270270270270,0.02275636195806
2026-01-06 18:07:30,0.00000000000000,0.00000000000000
2026-01-06 18:07:31,0.00276243093923,0.02154405864870
2026-01-06 18:07:32,0.01333333333333,0.09475685568482
2026-01-06 18:07:33,0.00268096514745,0.01863097188570
2026-01-06 18:07:34,0.00266666666667,0.01864831312749
2026-01-06 18:07:35,0.00263852242744,0.01827909213492
2026-01-06 18:07:36,0.00000000000000,0.00000000000000
2026-01-06 18:07:37,0.00549450549451,0.04587733240466
2026-01-06 18:07:38,0.00000000000000,0.00000000000000
2026-01-06 18:07:39,0.00268817204301,0.02197581787873
2026-01-06 18:07:40,0.00000000000000,0.00000000000000
2026-01-06 18:07:41,0.00271739130435,0.02330302318243
2026-01-06 18:07:42,0.00540540540541,0.03838052682069
2026-01-06 18:07:43,0.00533333333333,0.03696685325790
2026-01-06 18:07:44,0.00000000000000,0.00000000000000
2026-01-06 18:07:45,0.00537634408602,0.03803740054544
2026-01-06 18:07:46,0.00267379679144,0.01914595656842
2026-01-06 18:07:47,0.00000000000000,0.00000000000000
2026-01-06 18:07:48,0.01604278074866,0.11286627387980
2026-01-06 18:07:49,0.00273224043716,0.01937914014125
2026-01-06 18:07:50,0.00787401574803,0.05466329644535
2026-01-06 18:07:51,0.00265957446809,0.01851691940391
2026-01-06 18:07:52,0.00273972602740,0.02133745010836
2026-01-06 18:07:53,0.00273224043716,0.02153524391242
2026-01-06 18:07:54,0.00271002710027,0.01960271838878
2026-01-06 18:07:55,0.00273972602740,0.02318455223288
2026-01-06 18:07:56,0.00000000000000,0.00000000000000
2026-01-06 18:07:57,0.00278551532033,0.02480850738661
2026-01-06 18:07:58,0.00267379679144,0.02070623944423
2026-01-06 18:07:59,0.00000000000000,0.00000000000000
2026-01-06 18:08:00,0.00265957446809,0.01895625425744
2026-01-06 18:08:01,0.00000000000000,0.00000000000000
2026-01-06 18:08:02,0.00000000000000,0.00000000000000
2026-01-06 18:08:03,0.00265957446809,0.01859626415997
2026-01-06 18:08:04,0.01069518716578,0.07396036514386
2026-01-06 18:08:05,0.00808625336927,0.05607689376925
2026-01-06 18:08:06,0.00269541778976,0.01971352139292
2026-01-06 18:08:07,0.00283286118980,0.02308565707843
2026-01-06 18:08:08,0.00000000000000,0.00000000000000
2026-01-06 18:08:09,0.00267379679144,0.02132938293870
2026-01-06 18:08:10,0.00000000000000,0.00000000000000
2026-01-06 18:08:11,0.00273224043716,0.02452283453028
2026-01-06 18:08:12,0.00000000000000,0.00000000000000
2026-01-06 18:08:13,0.00268096514745,0.01854200688073
2026-01-06 18:08:14,0.00261780104712,0.01808483649975
2026-01-06 18:08:15,0.00536193029491,0.03765653689467
2026-01-06 18:08:16,0.00000000000000,0.00000000000000
2026-01-06 18:08:17,0.00282485875706,0.02635642080262
2026-01-06 18:08:18,0.00000000000000,0.00000000000000
2026-01-06 18:08:19,0.00529100529101,0.04160590198581
2026-01-06 18:08:20,0.00000000000000,0.00000000000000
